"No.","Channel Name","Receive Frequency","Transmit Frequency","Channel Type","Transmit Power","Band Width","CTCSS/DCS Decode","CTCSS/DCS Encode","Contact","Contact Call Type","Contact TG/DMR ID","Radio ID","Busy Lock/TX Permit","Squelch Mode","Optional Signal","DTMF ID","2Tone ID","5Tone ID","PTT ID","RX Color Code","Slot","Scan List","Receive Group List","PTT Prohibit","Reverse","Simplex TDMA","Slot Suit","AES Digital Encryption","Digital Encryption","Call Confirmation","Talk Around(Simplex)","Work Alone","Custom CTCSS","2TONE Decode","Ranging","Through Mode","APRS RX","Analog APRS PTT Mode","Digital APRS PTT Mode","APRS Report Type","Digital APRS Report Channel","Correct Frequency[Hz]","SMS Confirmation","Exclude channel from roaming","DMR MODE","DataACK Disable","R5toneBot","R5ToneEot","Auto Scan","Ana Aprs Mute","Send Talker Alias","AnaAprsTxPath","ARC4","ex_emg_kind","TxCC"
"1","Diretta","145.37500","145.37500","A-Analog","High","12.5K","Off","Off","ITALIA","Group Call","222","IZ7XXX","Off","Carrier","Off","1","1","1","Off","1","1","Analog","None","Off","Off","Off","Off","Normal Encryption","Off","Off","Off","Off","251.1","0","Off","On","Off","Off","Off","Off","1","0.00000","Off","0","0","0","0","0","0","0","0","0","0","0","1"
"2","VR-IR3ZWK-BoscoC","145.72500","145.12500","A-Analog","Mid","12.5K","Off","94.8","ITALIA","Group Call","222","IZ7XXX","Off","Carrier","Off","1","1","1","Off","1","1","None","None","Off","Off","Off","Off","Normal Encryption","Off","Off","Off","Off","131.8","1","Off","Off","Off","Off","Off","Off","1","0.00000","Off","0","1","0","0","0","0","0","0","0","0","0","1"
"3","VR-IR3ZYT-Pastel","145.77500","145.17500","A-Analog","Mid","12.5K","Off","94.8","ITALIA","Group Call","222","IZ7XXX","Off","Carrier","Off","1","1","1","Off","1","1","None","None","Off","Off","Off","Off","Normal Encryption","Off","Off","Off","Off","131.8","1","Off","Off","Off","Off","Off","Off","1","0.00000","Off","0","1","0","0","0","0","0","0","0","0","0","1"
"4","A-VRRU1Verona","430.02500","431.62500","A-Analog","Mid","12.5K","Off","94.8","ITALIA","Group Call","222","IZ7XXX","Off","Carrier","Off","1","1","1","Off","1","1","None","None","Off","Off","Off","Off","Normal Encryption","Off","Off","Off","Off","131.8","1","Off","Off","Off","Off","Off","Off","1","0.00000","Off","0","1","0","0","0","0","0","0","0","0","0","1"
"5","VR-IR3ZYM-Baldo","430.05000","431.65000","A-Analog","Mid","12.5K","Off","94.8","ITALIA","Group Call","222","IZ7XXX","Off","Carrier","Off","1","1","1","Off","1","1","None","None","Off","Off","Off","Off","Normal Encryption","Off","Off","Off","Off","131.8","1","Off","Off","Off","Off","Off","Off","1","0.00000","Off","0","1","0","0","0","0","0","0","0","0","0","1"
"6","A-VRRU11Martino","430.27500","431.87500","A-Analog","Mid","12.5K","Off","94.8","ITALIA","Group Call","222","IZ7XXX","Off","Carrier","Off","1","1","1","Off","1","1","None","None","Off","Off","Off","Off","Normal Encryption","Off","Off","Off","Off","131.8","1","Off","Off","Off","Off","Off","Off","1","0.00000","Off","0","1","0","0","0","0","0","0","0","0","0","1"
"7","VR-IR3UX-Tomba","430.41250","435.41250","A-Analog","Mid","12.5K","Off","94.8","ITALIA","Group Call","222","IZ7XXX","Off","Carrier","Off","1","1","1","Off","1","1","None","None","Off","Off","Off","Off","Normal Encryption","Off","Off","Off","Off","131.8","1","Off","Off","Off","Off","Off","Off","1","0.00000","Off","0","1","0","0","0","0","0","0","0","0","0","1"
"8","PC Ponte","173.71250","169.11250","A-Analog","High","12.5K","Off","Off","ITALIA","Group Call","222","IZ7XXX","Off","Carrier","Off","1","1","1","Off","1","1","AIB","None","Off","Off","Off","Off","Normal Encryption","Off","Off","Off","Off","251.1","0","Off","On","Off","Off","Off","Off","1","0.00000","Off","0","0","0","0","0","0","0","0","0","0","0","1"
"9","PC Diretta","173.71250","173.71250","A-Analog","High","12.5K","Off","Off","ITALIA","Group Call","222","IZ7XXX","Off","Carrier","Off","1","1","1","Off","1","1","AIB","None","Off","Off","Off","Off","Normal Encryption","Off","Off","Off","Off","251.1","0","Off","On","Off","Off","Off","Off","1","0.00000","Off","0","0","0","0","0","0","0","0","0","0","0","1"
"10","Channel 4","440.00000","440.00000","D-Digital","High","12.5K","Off","Off","ITALIA","Group Call","222","IZ7XXX","Always","Carrier","Off","1","1","1","Off","1","1","AIB","None","Off","Off","Off","Off","Normal Encryption","Off","Off","Off","Off","251.1","0","Off","On","Off","Off","Off","Off","1","0.00000","Off","0","0","0","0","0","0","0","0","0","0","0","1"
"11","AIB Diretta 1","160.53750","160.53750","A-Analog","High","12.5K","Off","Off","ITALIA","Group Call","222","IZ7XXX","Off","Carrier","Off","1","1","1","Off","1","1","AIB","None","Off","Off","Off","Off","Normal Encryption","Off","Off","Off","Off","251.1","0","Off","On","Off","Off","Off","Off","1","0.00000","Off","0","0","0","0","0","0","0","0","0","0","0","1"
"12","AIB Diretta 2","169.96250","169.96250","A-Analog","High","12.5K","110.9","110.9","ITALIA","Group Call","222","IZ7XXX","Off","Carrier","Off","1","1","1","Off","1","1","AIB","None","Off","Off","Off","Off","Normal Encryption","Off","Off","Off","Off","251.1","0","Off","On","Off","Off","Off","Off","1","0.00000","Off","0","0","0","0","0","0","0","0","0","0","0","1"
"13","AIB Diretta 3","162.46250","162.46250","A-Analog","High","12.5K","110.9","110.9","ITALIA","Group Call","222","IZ7XXX","Off","Carrier","Off","1","1","1","Off","1","1","AIB","None","Off","Off","Off","Off","Normal Encryption","Off","Off","Off","Off","251.1","0","Off","On","Off","Off","Off","Off","1","0.00000","Off","0","0","0","0","0","0","0","0","0","0","0","1"
"14","AIB Rpt Ana A","162.46250","157.86250","A-Analog","High","12.5K","123.0","123.0","ITALIA","Group Call","222","IZ7XXX","Off","Carrier","Off","1","1","1","Off","1","1","AIB","None","Off","Off","Off","Off","Normal Encryption","Off","Off","Off","Off","251.1","0","Off","On","Off","Off","Off","Off","1","0.00000","Off","0","0","0","0","0","0","0","0","0","0","0","1"
"15","AIB Rpt Ana B","162.46250","157.86250","A-Analog","High","12.5K","162.2","162.2","ITALIA","Group Call","222","IZ7XXX","Off","Carrier","Off","1","1","1","Off","1","1","AIB","None","Off","Off","Off","Off","Normal Encryption","Off","Off","Off","Off","251.1","0","Off","On","Off","Off","Off","Off","1","0.00000","Off","0","0","0","0","0","0","0","0","0","0","0","1"
"16","AIB Rpt Ana C","162.46250","157.86250","A-Analog","High","12.5K","94.8","94.8","ITALIA","Group Call","222","IZ7XXX","Off","Carrier","Off","1","1","1","Off","1","1","AIB","None","Off","Off","Off","Off","Normal Encryption","Off","Off","Off","Off","251.1","0","Off","On","Off","Off","Off","Off","1","0.00000","Off","0","0","0","0","0","0","0","0","0","0","0","1"
"17","AIB Rpt Ana D","162.46250","157.86250","A-Analog","High","12.5K","118.8","118.8","ITALIA","Group Call","222","IZ7XXX","Off","Carrier","Off","1","1","1","Off","1","1","AIB","None","Off","Off","Off","Off","Normal Encryption","Off","Off","Off","Off","251.1","0","Off","On","Off","Off","Off","Off","1","0.00000","Off","0","0","0","0","0","0","0","0","0","0","0","1"
"18","AIB Rpt Ana E","162.46250","157.86250","A-Analog","High","12.5K","88.5","88.5","ITALIA","Group Call","222","IZ7XXX","Off","Carrier","Off","1","1","1","Off","1","1","AIB","None","Off","Off","Off","Off","Normal Encryption","Off","Off","Off","Off","251.1","0","Off","On","Off","Off","Off","Off","1","0.00000","Off","0","0","0","0","0","0","0","0","0","0","0","1"
"19","AIB Rpt Ana F","162.46250","157.86250","A-Analog","High","12.5K","107.2","107.2","ITALIA","Group Call","222","IZ7XXX","Off","Carrier","Off","1","1","1","Off","1","1","AIB","None","Off","Off","Off","Off","Normal Encryption","Off","Off","Off","Off","251.1","0","Off","On","Off","Off","Off","Off","1","0.00000","Off","0","0","0","0","0","0","0","0","0","0","0","1"
"20","RV46","145.57500","144.97500","A-Analog","High","12.5K","Off","Off","ITALIA","Group Call","222","IZ7XXX","Off","Carrier","Off","1","1","1","Off","1","1","None","None","Off","Off","Off","Off","Normal Encryption","Off","Off","Off","Off","2511.0","1","Off","Off","Off","Off","Off","Off","1","0.00000","Off","0","1","0","0","0","0","0","0","0","0","0","1"
"21","RV47","145.58750","144.98750","A-Analog","High","12.5K","Off","Off","ITALIA","Group Call","222","IZ7XXX","Off","Carrier","Off","1","1","1","Off","1","1","None","None","Off","Off","Off","Off","Normal Encryption","Off","Off","Off","Off","2511.0","1","Off","Off","Off","Off","Off","Off","1","0.00000","Off","0","1","0","0","0","0","0","0","0","0","0","1"
"22","RV48","145.60000","145.00000","A-Analog","High","12.5K","Off","Off","ITALIA","Group Call","222","IZ7XXX","Off","Carrier","Off","1","1","1","Off","1","1","None","None","Off","Off","Off","Off","Normal Encryption","Off","Off","Off","Off","2511.0","1","Off","Off","Off","Off","Off","Off","1","0.00000","Off","0","1","0","0","0","0","0","0","0","0","0","1"
"23","RV49","145.61250","145.01250","A-Analog","High","12.5K","Off","Off","ITALIA","Group Call","222","IZ7XXX","Off","Carrier","Off","1","1","1","Off","1","1","None","None","Off","Off","Off","Off","Normal Encryption","Off","Off","Off","Off","2511.0","1","Off","Off","Off","Off","Off","Off","1","0.00000","Off","0","1","0","0","0","0","0","0","0","0","0","1"
"24","RV50","145.62500","145.02500","A-Analog","High","12.5K","Off","Off","ITALIA","Group Call","222","IZ7XXX","Off","Carrier","Off","1","1","1","Off","1","1","None","None","Off","Off","Off","Off","Normal Encryption","Off","Off","Off","Off","2511.0","1","Off","Off","Off","Off","Off","Off","1","0.00000","Off","0","1","0","0","0","0","0","0","0","0","0","1"
"25","RV51","145.63750","145.03750","A-Analog","High","12.5K","Off","Off","ITALIA","Group Call","222","IZ7XXX","Off","Carrier","Off","1","1","1","Off","1","1","None","None","Off","Off","Off","Off","Normal Encryption","Off","Off","Off","Off","2511.0","1","Off","Off","Off","Off","Off","Off","1","0.00000","Off","0","1","0","0","0","0","0","0","0","0","0","1"
"26","RV52","145.65000","145.05000","A-Analog","High","12.5K","Off","Off","ITALIA","Group Call","222","IZ7XXX","Off","Carrier","Off","1","1","1","Off","1","1","None","None","Off","Off","Off","Off","Normal Encryption","Off","Off","Off","Off","2511.0","1","Off","Off","Off","Off","Off","Off","1","0.00000","Off","0","1","0","0","0","0","0","0","0","0","0","1"
"27","RV53","145.66250","145.06250","A-Analog","High","12.5K","Off","Off","ITALIA","Group Call","222","IZ7XXX","Off","Carrier","Off","1","1","1","Off","1","1","None","None","Off","Off","Off","Off","Normal Encryption","Off","Off","Off","Off","2511.0","1","Off","Off","Off","Off","Off","Off","1","0.00000","Off","0","1","0","0","0","0","0","0","0","0","0","1"
"28","RV54","145.67500","145.07500","A-Analog","High","12.5K","Off","Off","ITALIA","Group Call","222","IZ7XXX","Off","Carrier","Off","1","1","1","Off","1","1","None","None","Off","Off","Off","Off","Normal Encryption","Off","Off","Off","Off","2511.0","1","Off","Off","Off","Off","Off","Off","1","0.00000","Off","0","1","0","0","0","0","0","0","0","0","0","1"
"29","RV55","145.68750","145.08750","A-Analog","High","12.5K","Off","Off","ITALIA","Group Call","222","IZ7XXX","Off","Carrier","Off","1","1","1","Off","1","1","None","None","Off","Off","Off","Off","Normal Encryption","Off","Off","Off","Off","2511.0","1","Off","Off","Off","Off","Off","Off","1","0.00000","Off","0","1","0","0","0","0","0","0","0","0","0","1"
"30","RV56","145.70000","145.10000","A-Analog","High","12.5K","Off","Off","ITALIA","Group Call","222","IZ7XXX","Off","Carrier","Off","1","1","1","Off","1","1","None","None","Off","Off","Off","Off","Normal Encryption","Off","Off","Off","Off","2511.0","1","Off","Off","Off","Off","Off","Off","1","0.00000","Off","0","1","0","0","0","0","0","0","0","0","0","1"
"31","RV57","145.71250","145.11250","A-Analog","High","12.5K","Off","Off","ITALIA","Group Call","222","IZ7XXX","Off","Carrier","Off","1","1","1","Off","1","1","None","None","Off","Off","Off","Off","Normal Encryption","Off","Off","Off","Off","2511.0","1","Off","Off","Off","Off","Off","Off","1","0.00000","Off","0","1","0","0","0","0","0","0","0","0","0","1"
"32","RV58","145.72500","145.12500","A-Analog","High","12.5K","Off","Off","ITALIA","Group Call","222","IZ7XXX","Off","Carrier","Off","1","1","1","Off","1","1","None","None","Off","Off","Off","Off","Normal Encryption","Off","Off","Off","Off","2511.0","1","Off","Off","Off","Off","Off","Off","1","0.00000","Off","0","1","0","0","0","0","0","0","0","0","0","1"
"33","RV59","145.73750","145.13750","A-Analog","High","12.5K","Off","Off","ITALIA","Group Call","222","IZ7XXX","Off","Carrier","Off","1","1","1","Off","1","1","None","None","Off","Off","Off","Off","Normal Encryption","Off","Off","Off","Off","2511.0","1","Off","Off","Off","Off","Off","Off","1","0.00000","Off","0","1","0","0","0","0","0","0","0","0","0","1"
"34","RV60","145.75000","145.15000","A-Analog","High","12.5K","Off","Off","ITALIA","Group Call","222","IZ7XXX","Off","Carrier","Off","1","1","1","Off","1","1","None","None","Off","Off","Off","Off","Normal Encryption","Off","Off","Off","Off","2511.0","1","Off","Off","Off","Off","Off","Off","1","0.00000","Off","0","1","0","0","0","0","0","0","0","0","0","1"
"35","RV61","145.76250","145.16250","A-Analog","High","12.5K","Off","Off","ITALIA","Group Call","222","IZ7XXX","Off","Carrier","Off","1","1","1","Off","1","1","None","None","Off","Off","Off","Off","Normal Encryption","Off","Off","Off","Off","2511.0","1","Off","Off","Off","Off","Off","Off","1","0.00000","Off","0","1","0","0","0","0","0","0","0","0","0","1"
"36","RV62","145.77500","145.17500","A-Analog","High","12.5K","Off","Off","ITALIA","Group Call","222","IZ7XXX","Off","Carrier","Off","1","1","1","Off","1","1","None","None","Off","Off","Off","Off","Normal Encryption","Off","Off","Off","Off","2511.0","1","Off","Off","Off","Off","Off","Off","1","0.00000","Off","0","1","0","0","0","0","0","0","0","0","0","1"
"37","RV63","145.78750","145.18750","A-Analog","High","12.5K","Off","Off","ITALIA","Group Call","222","IZ7XXX","Off","Carrier","Off","1","1","1","Off","1","1","None","None","Off","Off","Off","Off","Normal Encryption","Off","Off","Off","Off","2511.0","1","Off","Off","Off","Off","Off","Off","1","0.00000","Off","0","1","0","0","0","0","0","0","0","0","0","1"
"38","RU001","430.01250","431.61250","A-Analog","High","12.5K","Off","Off","ITALIA","Group Call","222","IZ7XXX","Off","Carrier","Off","1","1","1","Off","1","1","None","None","Off","Off","Off","Off","Normal Encryption","Off","Off","Off","Off","2511.0","1","Off","Off","Off","Off","Off","Off","1","0.00000","Off","0","1","0","0","0","0","0","0","0","0","0","1"
"39","RU002","430.02500","431.62500","A-Analog","High","12.5K","Off","Off","ITALIA","Group Call","222","IZ7XXX","Off","Carrier","Off","1","1","1","Off","1","1","None","None","Off","Off","Off","Off","Normal Encryption","Off","Off","Off","Off","2511.0","1","Off","Off","Off","Off","Off","Off","1","0.00000","Off","0","1","0","0","0","0","0","0","0","0","0","1"
"40","RU003","430.03750","431.63750","A-Analog","High","12.5K","Off","Off","ITALIA","Group Call","222","IZ7XXX","Off","Carrier","Off","1","1","1","Off","1","1","None","None","Off","Off","Off","Off","Normal Encryption","Off","Off","Off","Off","2511.0","1","Off","Off","Off","Off","Off","Off","1","0.00000","Off","0","1","0","0","0","0","0","0","0","0","0","1"
"41","RU004","430.05000","431.65000","A-Analog","High","12.5K","Off","Off","ITALIA","Group Call","222","IZ7XXX","Off","Carrier","Off","1","1","1","Off","1","1","None","None","Off","Off","Off","Off","Normal Encryption","Off","Off","Off","Off","2511.0","1","Off","Off","Off","Off","Off","Off","1","0.00000","Off","0","1","0","0","0","0","0","0","0","0","0","1"
"42","RU005","430.06250","431.66250","A-Analog","High","12.5K","Off","Off","ITALIA","Group Call","222","IZ7XXX","Off","Carrier","Off","1","1","1","Off","1","1","None","None","Off","Off","Off","Off","Normal Encryption","Off","Off","Off","Off","2511.0","1","Off","Off","Off","Off","Off","Off","1","0.00000","Off","0","1","0","0","0","0","0","0","0","0","0","1"
"43","RU006","430.07500","431.67500","A-Analog","High","12.5K","Off","Off","ITALIA","Group Call","222","IZ7XXX","Off","Carrier","Off","1","1","1","Off","1","1","None","None","Off","Off","Off","Off","Normal Encryption","Off","Off","Off","Off","2511.0","1","Off","Off","Off","Off","Off","Off","1","0.00000","Off","0","1","0","0","0","0","0","0","0","0","0","1"
"44","RU007","430.08750","431.68750","A-Analog","High","12.5K","Off","Off","ITALIA","Group Call","222","IZ7XXX","Off","Carrier","Off","1","1","1","Off","1","1","None","None","Off","Off","Off","Off","Normal Encryption","Off","Off","Off","Off","2511.0","1","Off","Off","Off","Off","Off","Off","1","0.00000","Off","0","1","0","0","0","0","0","0","0","0","0","1"
"45","RU008","430.10000","431.70000","A-Analog","High","12.5K","Off","Off","ITALIA","Group Call","222","IZ7XXX","Off","Carrier","Off","1","1","1","Off","1","1","None","None","Off","Off","Off","Off","Normal Encryption","Off","Off","Off","Off","2511.0","1","Off","Off","Off","Off","Off","Off","1","0.00000","Off","0","1","0","0","0","0","0","0","0","0","0","1"
"46","RU009","430.11250","431.71250","A-Analog","High","12.5K","Off","Off","ITALIA","Group Call","222","IZ7XXX","Off","Carrier","Off","1","1","1","Off","1","1","None","None","Off","Off","Off","Off","Normal Encryption","Off","Off","Off","Off","2511.0","1","Off","Off","Off","Off","Off","Off","1","0.00000","Off","0","1","0","0","0","0","0","0","0","0","0","1"
"47","RU010","430.12500","431.72500","A-Analog","High","12.5K","Off","Off","ITALIA","Group Call","222","IZ7XXX","Off","Carrier","Off","1","1","1","Off","1","1","None","None","Off","Off","Off","Off","Normal Encryption","Off","Off","Off","Off","2511.0","1","Off","Off","Off","Off","Off","Off","1","0.00000","Off","0","1","0","0","0","0","0","0","0","0","0","1"
"48","RU011","430.13750","431.73750","A-Analog","High","12.5K","Off","Off","ITALIA","Group Call","222","IZ7XXX","Off","Carrier","Off","1","1","1","Off","1","1","None","None","Off","Off","Off","Off","Normal Encryption","Off","Off","Off","Off","2511.0","1","Off","Off","Off","Off","Off","Off","1","0.00000","Off","0","1","0","0","0","0","0","0","0","0","0","1"
"49","RU012","430.15000","431.75000","A-Analog","High","12.5K","Off","Off","ITALIA","Group Call","222","IZ7XXX","Off","Carrier","Off","1","1","1","Off","1","1","None","None","Off","Off","Off","Off","Normal Encryption","Off","Off","Off","Off","2511.0","1","Off","Off","Off","Off","Off","Off","1","0.00000","Off","0","1","0","0","0","0","0","0","0","0","0","1"
"50","RU013","430.16250","431.76250","A-Analog","High","12.5K","Off","Off","ITALIA","Group Call","222","IZ7XXX","Off","Carrier","Off","1","1","1","Off","1","1","None","None","Off","Off","Off","Off","Normal Encryption","Off","Off","Off","Off","2511.0","1","Off","Off","Off","Off","Off","Off","1","0.00000","Off","0","1","0","0","0","0","0","0","0","0","0","1"
"51","RU014","430.17500","431.77500","A-Analog","High","12.5K","Off","Off","ITALIA","Group Call","222","IZ7XXX","Off","Carrier","Off","1","1","1","Off","1","1","None","None","Off","Off","Off","Off","Normal Encryption","Off","Off","Off","Off","2511.0","1","Off","Off","Off","Off","Off","Off","1","0.00000","Off","0","1","0","0","0","0","0","0","0","0","0","1"
"52","RU015","430.18750","431.78750","A-Analog","High","12.5K","Off","Off","ITALIA","Group Call","222","IZ7XXX","Off","Carrier","Off","1","1","1","Off","1","1","None","None","Off","Off","Off","Off","Normal Encryption","Off","Off","Off","Off","2511.0","1","Off","Off","Off","Off","Off","Off","1","0.00000","Off","0","1","0","0","0","0","0","0","0","0","0","1"
"53","RU016","430.20000","431.80000","A-Analog","High","12.5K","Off","Off","ITALIA","Group Call","222","IZ7XXX","Off","Carrier","Off","1","1","1","Off","1","1","None","None","Off","Off","Off","Off","Normal Encryption","Off","Off","Off","Off","2511.0","1","Off","Off","Off","Off","Off","Off","1","0.00000","Off","0","1","0","0","0","0","0","0","0","0","0","1"
"54","RU017","430.21250","431.81250","A-Analog","High","12.5K","Off","Off","ITALIA","Group Call","222","IZ7XXX","Off","Carrier","Off","1","1","1","Off","1","1","None","None","Off","Off","Off","Off","Normal Encryption","Off","Off","Off","Off","2511.0","1","Off","Off","Off","Off","Off","Off","1","0.00000","Off","0","1","0","0","0","0","0","0","0","0","0","1"
"55","RU018","430.22500","431.82500","A-Analog","High","12.5K","Off","Off","ITALIA","Group Call","222","IZ7XXX","Off","Carrier","Off","1","1","1","Off","1","1","None","None","Off","Off","Off","Off","Normal Encryption","Off","Off","Off","Off","2511.0","1","Off","Off","Off","Off","Off","Off","1","0.00000","Off","0","1","0","0","0","0","0","0","0","0","0","1"
"56","RU019","430.23750","431.83750","A-Analog","High","12.5K","Off","Off","ITALIA","Group Call","222","IZ7XXX","Off","Carrier","Off","1","1","1","Off","1","1","None","None","Off","Off","Off","Off","Normal Encryption","Off","Off","Off","Off","2511.0","1","Off","Off","Off","Off","Off","Off","1","0.00000","Off","0","1","0","0","0","0","0","0","0","0","0","1"
"57","RU020","430.25000","431.85000","A-Analog","High","12.5K","Off","Off","ITALIA","Group Call","222","IZ7XXX","Off","Carrier","Off","1","1","1","Off","1","1","None","None","Off","Off","Off","Off","Normal Encryption","Off","Off","Off","Off","2511.0","1","Off","Off","Off","Off","Off","Off","1","0.00000","Off","0","1","0","0","0","0","0","0","0","0","0","1"
"58","RU021","430.26250","431.86250","A-Analog","High","12.5K","Off","Off","ITALIA","Group Call","222","IZ7XXX","Off","Carrier","Off","1","1","1","Off","1","1","None","None","Off","Off","Off","Off","Normal Encryption","Off","Off","Off","Off","2511.0","1","Off","Off","Off","Off","Off","Off","1","0.00000","Off","0","1","0","0","0","0","0","0","0","0","0","1"
"59","RU022","430.27500","431.87500","A-Analog","High","12.5K","Off","Off","ITALIA","Group Call","222","IZ7XXX","Off","Carrier","Off","1","1","1","Off","1","1","None","None","Off","Off","Off","Off","Normal Encryption","Off","Off","Off","Off","2511.0","1","Off","Off","Off","Off","Off","Off","1","0.00000","Off","0","1","0","0","0","0","0","0","0","0","0","1"
"60","RU023","430.28750","431.88750","A-Analog","High","12.5K","Off","Off","ITALIA","Group Call","222","IZ7XXX","Off","Carrier","Off","1","1","1","Off","1","1","None","None","Off","Off","Off","Off","Normal Encryption","Off","Off","Off","Off","2511.0","1","Off","Off","Off","Off","Off","Off","1","0.00000","Off","0","1","0","0","0","0","0","0","0","0","0","1"
"61","RU024","430.30000","431.90000","A-Analog","High","12.5K","Off","Off","ITALIA","Group Call","222","IZ7XXX","Off","Carrier","Off","1","1","1","Off","1","1","None","None","Off","Off","Off","Off","Normal Encryption","Off","Off","Off","Off","2511.0","1","Off","Off","Off","Off","Off","Off","1","0.00000","Off","0","1","0","0","0","0","0","0","0","0","0","1"
"62","RU025","430.31250","431.91250","A-Analog","High","12.5K","Off","Off","ITALIA","Group Call","222","IZ7XXX","Off","Carrier","Off","1","1","1","Off","1","1","None","None","Off","Off","Off","Off","Normal Encryption","Off","Off","Off","Off","2511.0","1","Off","Off","Off","Off","Off","Off","1","0.00000","Off","0","1","0","0","0","0","0","0","0","0","0","1"
"63","RU026","430.32500","431.92500","A-Analog","High","12.5K","Off","Off","ITALIA","Group Call","222","IZ7XXX","Off","Carrier","Off","1","1","1","Off","1","1","None","None","Off","Off","Off","Off","Normal Encryption","Off","Off","Off","Off","2511.0","1","Off","Off","Off","Off","Off","Off","1","0.00000","Off","0","1","0","0","0","0","0","0","0","0","0","1"
"64","RU027","430.33750","431.93750","A-Analog","High","12.5K","Off","Off","ITALIA","Group Call","222","IZ7XXX","Off","Carrier","Off","1","1","1","Off","1","1","None","None","Off","Off","Off","Off","Normal Encryption","Off","Off","Off","Off","2511.0","1","Off","Off","Off","Off","Off","Off","1","0.00000","Off","0","1","0","0","0","0","0","0","0","0","0","1"
"65","RU028","430.35000","431.95000","A-Analog","High","12.5K","Off","Off","ITALIA","Group Call","222","IZ7XXX","Off","Carrier","Off","1","1","1","Off","1","1","None","None","Off","Off","Off","Off","Normal Encryption","Off","Off","Off","Off","2511.0","1","Off","Off","Off","Off","Off","Off","1","0.00000","Off","0","1","0","0","0","0","0","0","0","0","0","1"
"66","RU029","430.36250","431.96250","A-Analog","High","12.5K","Off","Off","ITALIA","Group Call","222","IZ7XXX","Off","Carrier","Off","1","1","1","Off","1","1","None","None","Off","Off","Off","Off","Normal Encryption","Off","Off","Off","Off","2511.0","1","Off","Off","Off","Off","Off","Off","1","0.00000","Off","0","1","0","0","0","0","0","0","0","0","0","1"
"67","RU030","430.37500","431.97500","A-Analog","High","12.5K","Off","Off","ITALIA","Group Call","222","IZ7XXX","Off","Carrier","Off","1","1","1","Off","1","1","None","None","Off","Off","Off","Off","Normal Encryption","Off","Off","Off","Off","2511.0","1","Off","Off","Off","Off","Off","Off","1","0.00000","Off","0","1","0","0","0","0","0","0","0","0","0","1"
"68","RU031","430.38750","431.98750","A-Analog","High","12.5K","Off","Off","ITALIA","Group Call","222","IZ7XXX","Off","Carrier","Off","1","1","1","Off","1","1","None","None","Off","Off","Off","Off","Normal Encryption","Off","Off","Off","Off","2511.0","1","Off","Off","Off","Off","Off","Off","1","0.00000","Off","0","1","0","0","0","0","0","0","0","0","0","1"
"69","RU098","431.22500","432.82500","A-Analog","High","12.5K","Off","Off","ITALIA","Group Call","222","IZ7XXX","Off","Carrier","Off","1","1","1","Off","1","1","None","None","Off","Off","Off","Off","Normal Encryption","Off","Off","Off","Off","2511.0","1","Off","Off","Off","Off","Off","Off","1","0.00000","Off","0","1","0","0","0","0","0","0","0","0","0","1"
"70","RU099","431.23750","432.83750","A-Analog","High","12.5K","Off","Off","ITALIA","Group Call","222","IZ7XXX","Off","Carrier","Off","1","1","1","Off","1","1","None","None","Off","Off","Off","Off","Normal Encryption","Off","Off","Off","Off","2511.0","1","Off","Off","Off","Off","Off","Off","1","0.00000","Off","0","1","0","0","0","0","0","0","0","0","0","1"
"71","RU100","431.25000","432.85000","A-Analog","High","12.5K","Off","Off","ITALIA","Group Call","222","IZ7XXX","Off","Carrier","Off","1","1","1","Off","1","1","None","None","Off","Off","Off","Off","Normal Encryption","Off","Off","Off","Off","2511.0","1","Off","Off","Off","Off","Off","Off","1","0.00000","Off","0","1","0","0","0","0","0","0","0","0","0","1"
"72","RU101","431.26250","432.86250","A-Analog","High","12.5K","Off","Off","ITALIA","Group Call","222","IZ7XXX","Off","Carrier","Off","1","1","1","Off","1","1","None","None","Off","Off","Off","Off","Normal Encryption","Off","Off","Off","Off","2511.0","1","Off","Off","Off","Off","Off","Off","1","0.00000","Off","0","1","0","0","0","0","0","0","0","0","0","1"
"73","RU102","431.27500","432.87500","A-Analog","High","12.5K","Off","Off","ITALIA","Group Call","222","IZ7XXX","Off","Carrier","Off","1","1","1","Off","1","1","None","None","Off","Off","Off","Off","Normal Encryption","Off","Off","Off","Off","2511.0","1","Off","Off","Off","Off","Off","Off","1","0.00000","Off","0","1","0","0","0","0","0","0","0","0","0","1"
"74","RU103","431.28750","432.88750","A-Analog","High","12.5K","Off","Off","ITALIA","Group Call","222","IZ7XXX","Off","Carrier","Off","1","1","1","Off","1","1","None","None","Off","Off","Off","Off","Normal Encryption","Off","Off","Off","Off","2511.0","1","Off","Off","Off","Off","Off","Off","1","0.00000","Off","0","1","0","0","0","0","0","0","0","0","0","1"
"75","RU104","431.30000","432.90000","A-Analog","High","12.5K","Off","Off","ITALIA","Group Call","222","IZ7XXX","Off","Carrier","Off","1","1","1","Off","1","1","None","None","Off","Off","Off","Off","Normal Encryption","Off","Off","Off","Off","2511.0","1","Off","Off","Off","Off","Off","Off","1","0.00000","Off","0","1","0","0","0","0","0","0","0","0","0","1"
"76","RU105","431.31250","432.91250","A-Analog","High","12.5K","Off","Off","ITALIA","Group Call","222","IZ7XXX","Off","Carrier","Off","1","1","1","Off","1","1","None","None","Off","Off","Off","Off","Normal Encryption","Off","Off","Off","Off","2511.0","1","Off","Off","Off","Off","Off","Off","1","0.00000","Off","0","1","0","0","0","0","0","0","0","0","0","1"
"77","RU106","431.32500","432.92500","A-Analog","High","12.5K","Off","Off","ITALIA","Group Call","222","IZ7XXX","Off","Carrier","Off","1","1","1","Off","1","1","None","None","Off","Off","Off","Off","Normal Encryption","Off","Off","Off","Off","2511.0","1","Off","Off","Off","Off","Off","Off","1","0.00000","Off","0","1","0","0","0","0","0","0","0","0","0","1"
"78","RU107","431.33750","432.93750","A-Analog","High","12.5K","Off","Off","ITALIA","Group Call","222","IZ7XXX","Off","Carrier","Off","1","1","1","Off","1","1","None","None","Off","Off","Off","Off","Normal Encryption","Off","Off","Off","Off","2511.0","1","Off","Off","Off","Off","Off","Off","1","0.00000","Off","0","1","0","0","0","0","0","0","0","0","0","1"
"79","RU108","431.35000","432.95000","A-Analog","High","12.5K","Off","Off","ITALIA","Group Call","222","IZ7XXX","Off","Carrier","Off","1","1","1","Off","1","1","None","None","Off","Off","Off","Off","Normal Encryption","Off","Off","Off","Off","2511.0","1","Off","Off","Off","Off","Off","Off","1","0.00000","Off","0","1","0","0","0","0","0","0","0","0","0","1"
"80","RU109","431.36250","432.96250","A-Analog","High","12.5K","Off","Off","ITALIA","Group Call","222","IZ7XXX","Off","Carrier","Off","1","1","1","Off","1","1","None","None","Off","Off","Off","Off","Normal Encryption","Off","Off","Off","Off","2511.0","1","Off","Off","Off","Off","Off","Off","1","0.00000","Off","0","1","0","0","0","0","0","0","0","0","0","1"
"81","RU110","431.37500","432.97500","A-Analog","High","12.5K","Off","Off","ITALIA","Group Call","222","IZ7XXX","Off","Carrier","Off","1","1","1","Off","1","1","None","None","Off","Off","Off","Off","Normal Encryption","Off","Off","Off","Off","2511.0","1","Off","Off","Off","Off","Off","Off","1","0.00000","Off","0","1","0","0","0","0","0","0","0","0","0","1"
"82","RU111","431.38750","432.98750","A-Analog","High","12.5K","Off","Off","ITALIA","Group Call","222","IZ7XXX","Off","Carrier","Off","1","1","1","Off","1","1","None","None","Off","Off","Off","Off","Normal Encryption","Off","Off","Off","Off","2511.0","1","Off","Off","Off","Off","Off","Off","1","0.00000","Off","0","1","0","0","0","0","0","0","0","0","0","1"
"83","RU112","431.40000","433.00000","A-Analog","High","12.5K","Off","Off","ITALIA","Group Call","222","IZ7XXX","Off","Carrier","Off","1","1","1","Off","1","1","None","None","Off","Off","Off","Off","Normal Encryption","Off","Off","Off","Off","2511.0","1","Off","Off","Off","Off","Off","Off","1","0.00000","Off","0","1","0","0","0","0","0","0","0","0","0","1"
"84","RU113","431.41250","433.01250","A-Analog","High","12.5K","Off","Off","ITALIA","Group Call","222","IZ7XXX","Off","Carrier","Off","1","1","1","Off","1","1","None","None","Off","Off","Off","Off","Normal Encryption","Off","Off","Off","Off","2511.0","1","Off","Off","Off","Off","Off","Off","1","0.00000","Off","0","1","0","0","0","0","0","0","0","0","0","1"
"85","RU114","431.42500","433.02500","A-Analog","High","12.5K","Off","Off","ITALIA","Group Call","222","IZ7XXX","Off","Carrier","Off","1","1","1","Off","1","1","None","None","Off","Off","Off","Off","Normal Encryption","Off","Off","Off","Off","2511.0","1","Off","Off","Off","Off","Off","Off","1","0.00000","Off","0","1","0","0","0","0","0","0","0","0","0","1"
"86","RU115","431.43750","433.03750","A-Analog","High","12.5K","Off","Off","ITALIA","Group Call","222","IZ7XXX","Off","Carrier","Off","1","1","1","Off","1","1","None","None","Off","Off","Off","Off","Normal Encryption","Off","Off","Off","Off","2511.0","1","Off","Off","Off","Off","Off","Off","1","0.00000","Off","0","1","0","0","0","0","0","0","0","0","0","1"
"87","RU116","431.45000","433.05000","A-Analog","High","12.5K","Off","Off","ITALIA","Group Call","222","IZ7XXX","Off","Carrier","Off","1","1","1","Off","1","1","None","None","Off","Off","Off","Off","Normal Encryption","Off","Off","Off","Off","2511.0","1","Off","Off","Off","Off","Off","Off","1","0.00000","Off","0","1","0","0","0","0","0","0","0","0","0","1"
"88","RU117","431.46250","433.06250","A-Analog","High","12.5K","Off","Off","ITALIA","Group Call","222","IZ7XXX","Off","Carrier","Off","1","1","1","Off","1","1","None","None","Off","Off","Off","Off","Normal Encryption","Off","Off","Off","Off","2511.0","1","Off","Off","Off","Off","Off","Off","1","0.00000","Off","0","1","0","0","0","0","0","0","0","0","0","1"
"89","RU118","431.47500","433.07500","A-Analog","High","12.5K","Off","Off","ITALIA","Group Call","222","IZ7XXX","Off","Carrier","Off","1","1","1","Off","1","1","None","None","Off","Off","Off","Off","Normal Encryption","Off","Off","Off","Off","2511.0","1","Off","Off","Off","Off","Off","Off","1","0.00000","Off","0","1","0","0","0","0","0","0","0","0","0","1"
"90","RU119","431.48750","433.08750","A-Analog","High","12.5K","Off","Off","ITALIA","Group Call","222","IZ7XXX","Off","Carrier","Off","1","1","1","Off","1","1","None","None","Off","Off","Off","Off","Normal Encryption","Off","Off","Off","Off","2511.0","1","Off","Off","Off","Off","Off","Off","1","0.00000","Off","0","1","0","0","0","0","0","0","0","0","0","1"
"91","RU120","431.50000","433.10000","A-Analog","High","12.5K","Off","Off","ITALIA","Group Call","222","IZ7XXX","Off","Carrier","Off","1","1","1","Off","1","1","None","None","Off","Off","Off","Off","Normal Encryption","Off","Off","Off","Off","2511.0","1","Off","Off","Off","Off","Off","Off","1","0.00000","Off","0","1","0","0","0","0","0","0","0","0","0","1"
"92","RU121","431.51250","433.11250","A-Analog","High","12.5K","Off","Off","ITALIA","Group Call","222","IZ7XXX","Off","Carrier","Off","1","1","1","Off","1","1","None","None","Off","Off","Off","Off","Normal Encryption","Off","Off","Off","Off","2511.0","1","Off","Off","Off","Off","Off","Off","1","0.00000","Off","0","1","0","0","0","0","0","0","0","0","0","1"
"93","RU122","431.52500","433.12500","A-Analog","High","12.5K","Off","Off","ITALIA","Group Call","222","IZ7XXX","Off","Carrier","Off","1","1","1","Off","1","1","None","None","Off","Off","Off","Off","Normal Encryption","Off","Off","Off","Off","2511.0","1","Off","Off","Off","Off","Off","Off","1","0.00000","Off","0","1","0","0","0","0","0","0","0","0","0","1"
"94","RU123","431.53750","433.13750","A-Analog","High","12.5K","Off","Off","ITALIA","Group Call","222","IZ7XXX","Off","Carrier","Off","1","1","1","Off","1","1","None","None","Off","Off","Off","Off","Normal Encryption","Off","Off","Off","Off","2511.0","1","Off","Off","Off","Off","Off","Off","1","0.00000","Off","0","1","0","0","0","0","0","0","0","0","0","1"
"95","RU124","431.55000","433.15000","A-Analog","High","12.5K","Off","Off","ITALIA","Group Call","222","IZ7XXX","Off","Carrier","Off","1","1","1","Off","1","1","None","None","Off","Off","Off","Off","Normal Encryption","Off","Off","Off","Off","2511.0","1","Off","Off","Off","Off","Off","Off","1","0.00000","Off","0","1","0","0","0","0","0","0","0","0","0","1"
"96","RU125","431.56250","433.16250","A-Analog","High","12.5K","Off","Off","ITALIA","Group Call","222","IZ7XXX","Off","Carrier","Off","1","1","1","Off","1","1","None","None","Off","Off","Off","Off","Normal Encryption","Off","Off","Off","Off","2511.0","1","Off","Off","Off","Off","Off","Off","1","0.00000","Off","0","1","0","0","0","0","0","0","0","0","0","1"
"97","RU126","431.57500","433.17500","A-Analog","High","12.5K","Off","Off","ITALIA","Group Call","222","IZ7XXX","Off","Carrier","Off","1","1","1","Off","1","1","None","None","Off","Off","Off","Off","Normal Encryption","Off","Off","Off","Off","2511.0","1","Off","Off","Off","Off","Off","Off","1","0.00000","Off","0","1","0","0","0","0","0","0","0","0","0","1"
"98","RU127","431.58750","433.18750","A-Analog","High","12.5K","Off","Off","ITALIA","Group Call","222","IZ7XXX","Off","Carrier","Off","1","1","1","Off","1","1","None","None","Off","Off","Off","Off","Normal Encryption","Off","Off","Off","Off","2511.0","1","Off","Off","Off","Off","Off","Off","1","0.00000","Off","0","1","0","0","0","0","0","0","0","0","0","1"
"99","RU128","431.60000","433.20000","A-Analog","High","12.5K","Off","Off","ITALIA","Group Call","222","IZ7XXX","Off","Carrier","Off","1","1","1","Off","1","1","None","None","Off","Off","Off","Off","Normal Encryption","Off","Off","Off","Off","2511.0","1","Off","Off","Off","Off","Off","Off","1","0.00000","Off","0","1","0","0","0","0","0","0","0","0","0","1"
"100","LPD 1","433.07500","433.07500","A-Analog","High","12.5K","Off","Off","ITALIA","Group Call","222","IZ7XXX","Off","Carrier","Off","1","1","1","Off","1","1","None","None","Off","Off","Off","Off","Normal Encryption","Off","Off","Off","Off","2511.0","1","Off","Off","Off","Off","Off","Off","1","0.00000","Off","0","1","0","0","0","0","0","0","0","0","0","1"
"101","LPD 2","433.10000","433.10000","A-Analog","High","12.5K","Off","Off","ITALIA","Group Call","222","IZ7XXX","Off","Carrier","Off","1","1","1","Off","1","1","None","None","Off","Off","Off","Off","Normal Encryption","Off","Off","Off","Off","2511.0","1","Off","Off","Off","Off","Off","Off","1","0.00000","Off","0","1","0","0","0","0","0","0","0","0","0","1"
"102","LPD 3","433.12500","433.12500","A-Analog","High","12.5K","Off","Off","ITALIA","Group Call","222","IZ7XXX","Off","Carrier","Off","1","1","1","Off","1","1","None","None","Off","Off","Off","Off","Normal Encryption","Off","Off","Off","Off","2511.0","1","Off","Off","Off","Off","Off","Off","1","0.00000","Off","0","1","0","0","0","0","0","0","0","0","0","1"
"103","LPD 4","433.15000","433.15000","A-Analog","High","12.5K","Off","Off","ITALIA","Group Call","222","IZ7XXX","Off","Carrier","Off","1","1","1","Off","1","1","None","None","Off","Off","Off","Off","Normal Encryption","Off","Off","Off","Off","2511.0","1","Off","Off","Off","Off","Off","Off","1","0.00000","Off","0","1","0","0","0","0","0","0","0","0","0","1"
"104","LPD 5","433.17500","433.17500","A-Analog","High","12.5K","Off","Off","ITALIA","Group Call","222","IZ7XXX","Off","Carrier","Off","1","1","1","Off","1","1","None","None","Off","Off","Off","Off","Normal Encryption","Off","Off","Off","Off","2511.0","1","Off","Off","Off","Off","Off","Off","1","0.00000","Off","0","1","0","0","0","0","0","0","0","0","0","1"
"105","LPD 6","433.20000","433.20000","A-Analog","High","12.5K","Off","Off","ITALIA","Group Call","222","IZ7XXX","Off","Carrier","Off","1","1","1","Off","1","1","None","None","Off","Off","Off","Off","Normal Encryption","Off","Off","Off","Off","2511.0","1","Off","Off","Off","Off","Off","Off","1","0.00000","Off","0","1","0","0","0","0","0","0","0","0","0","1"
"106","LPD 7","433.22500","433.22500","A-Analog","High","12.5K","Off","Off","ITALIA","Group Call","222","IZ7XXX","Off","Carrier","Off","1","1","1","Off","1","1","None","None","Off","Off","Off","Off","Normal Encryption","Off","Off","Off","Off","2511.0","1","Off","Off","Off","Off","Off","Off","1","0.00000","Off","0","1","0","0","0","0","0","0","0","0","0","1"
"107","LPD 8","433.25000","433.25000","A-Analog","High","12.5K","Off","Off","ITALIA","Group Call","222","IZ7XXX","Off","Carrier","Off","1","1","1","Off","1","1","None","None","Off","Off","Off","Off","Normal Encryption","Off","Off","Off","Off","2511.0","1","Off","Off","Off","Off","Off","Off","1","0.00000","Off","0","1","0","0","0","0","0","0","0","0","0","1"
"108","LPD 9","433.27500","433.27500","A-Analog","High","12.5K","Off","Off","ITALIA","Group Call","222","IZ7XXX","Off","Carrier","Off","1","1","1","Off","1","1","None","None","Off","Off","Off","Off","Normal Encryption","Off","Off","Off","Off","2511.0","1","Off","Off","Off","Off","Off","Off","1","0.00000","Off","0","1","0","0","0","0","0","0","0","0","0","1"
"109","LPD 10","433.30000","433.30000","A-Analog","High","12.5K","Off","Off","ITALIA","Group Call","222","IZ7XXX","Off","Carrier","Off","1","1","1","Off","1","1","None","None","Off","Off","Off","Off","Normal Encryption","Off","Off","Off","Off","2511.0","1","Off","Off","Off","Off","Off","Off","1","0.00000","Off","0","1","0","0","0","0","0","0","0","0","0","1"
"110","LPD 11","433.32500","433.32500","A-Analog","High","12.5K","Off","Off","ITALIA","Group Call","222","IZ7XXX","Off","Carrier","Off","1","1","1","Off","1","1","None","None","Off","Off","Off","Off","Normal Encryption","Off","Off","Off","Off","2511.0","1","Off","Off","Off","Off","Off","Off","1","0.00000","Off","0","1","0","0","0","0","0","0","0","0","0","1"
"111","LPD 12","433.35000","433.35000","A-Analog","High","12.5K","Off","Off","ITALIA","Group Call","222","IZ7XXX","Off","Carrier","Off","1","1","1","Off","1","1","None","None","Off","Off","Off","Off","Normal Encryption","Off","Off","Off","Off","2511.0","1","Off","Off","Off","Off","Off","Off","1","0.00000","Off","0","1","0","0","0","0","0","0","0","0","0","1"
"112","LPD 13","433.37500","433.37500","A-Analog","High","12.5K","Off","Off","ITALIA","Group Call","222","IZ7XXX","Off","Carrier","Off","1","1","1","Off","1","1","None","None","Off","Off","Off","Off","Normal Encryption","Off","Off","Off","Off","2511.0","1","Off","Off","Off","Off","Off","Off","1","0.00000","Off","0","1","0","0","0","0","0","0","0","0","0","1"
"113","LPD 14","433.40000","433.40000","A-Analog","High","12.5K","Off","Off","ITALIA","Group Call","222","IZ7XXX","Off","Carrier","Off","1","1","1","Off","1","1","None","None","Off","Off","Off","Off","Normal Encryption","Off","Off","Off","Off","2511.0","1","Off","Off","Off","Off","Off","Off","1","0.00000","Off","0","1","0","0","0","0","0","0","0","0","0","1"
"114","LPD 15","433.42500","433.42500","A-Analog","High","12.5K","Off","Off","ITALIA","Group Call","222","IZ7XXX","Off","Carrier","Off","1","1","1","Off","1","1","None","None","Off","Off","Off","Off","Normal Encryption","Off","Off","Off","Off","2511.0","1","Off","Off","Off","Off","Off","Off","1","0.00000","Off","0","1","0","0","0","0","0","0","0","0","0","1"
"115","LPD 16","433.45000","433.45000","A-Analog","High","12.5K","Off","Off","ITALIA","Group Call","222","IZ7XXX","Off","Carrier","Off","1","1","1","Off","1","1","None","None","Off","Off","Off","Off","Normal Encryption","Off","Off","Off","Off","2511.0","1","Off","Off","Off","Off","Off","Off","1","0.00000","Off","0","1","0","0","0","0","0","0","0","0","0","1"
"116","LPD 17","433.47500","433.47500","A-Analog","High","12.5K","Off","Off","ITALIA","Group Call","222","IZ7XXX","Off","Carrier","Off","1","1","1","Off","1","1","None","None","Off","Off","Off","Off","Normal Encryption","Off","Off","Off","Off","2511.0","1","Off","Off","Off","Off","Off","Off","1","0.00000","Off","0","1","0","0","0","0","0","0","0","0","0","1"
"117","LPD 18","433.50000","433.50000","A-Analog","High","12.5K","Off","Off","ITALIA","Group Call","222","IZ7XXX","Off","Carrier","Off","1","1","1","Off","1","1","None","None","Off","Off","Off","Off","Normal Encryption","Off","Off","Off","Off","2511.0","1","Off","Off","Off","Off","Off","Off","1","0.00000","Off","0","1","0","0","0","0","0","0","0","0","0","1"
"118","LPD 19","433.52500","433.52500","A-Analog","High","12.5K","Off","Off","ITALIA","Group Call","222","IZ7XXX","Off","Carrier","Off","1","1","1","Off","1","1","None","None","Off","Off","Off","Off","Normal Encryption","Off","Off","Off","Off","2511.0","1","Off","Off","Off","Off","Off","Off","1","0.00000","Off","0","1","0","0","0","0","0","0","0","0","0","1"
"119","LPD 20","433.55000","433.55000","A-Analog","High","12.5K","Off","Off","ITALIA","Group Call","222","IZ7XXX","Off","Carrier","Off","1","1","1","Off","1","1","None","None","Off","Off","Off","Off","Normal Encryption","Off","Off","Off","Off","2511.0","1","Off","Off","Off","Off","Off","Off","1","0.00000","Off","0","1","0","0","0","0","0","0","0","0","0","1"
"120","LPD 21","433.57500","433.57500","A-Analog","High","12.5K","Off","Off","ITALIA","Group Call","222","IZ7XXX","Off","Carrier","Off","1","1","1","Off","1","1","None","None","Off","Off","Off","Off","Normal Encryption","Off","Off","Off","Off","2511.0","1","Off","Off","Off","Off","Off","Off","1","0.00000","Off","0","1","0","0","0","0","0","0","0","0","0","1"
"121","LPD 22","433.60000","433.60000","A-Analog","High","12.5K","Off","Off","ITALIA","Group Call","222","IZ7XXX","Off","Carrier","Off","1","1","1","Off","1","1","None","None","Off","Off","Off","Off","Normal Encryption","Off","Off","Off","Off","2511.0","1","Off","Off","Off","Off","Off","Off","1","0.00000","Off","0","1","0","0","0","0","0","0","0","0","0","1"
"122","LPD 23","433.62500","433.62500","A-Analog","High","12.5K","Off","Off","ITALIA","Group Call","222","IZ7XXX","Off","Carrier","Off","1","1","1","Off","1","1","None","None","Off","Off","Off","Off","Normal Encryption","Off","Off","Off","Off","2511.0","1","Off","Off","Off","Off","Off","Off","1","0.00000","Off","0","1","0","0","0","0","0","0","0","0","0","1"
"123","LPD 24","433.65000","433.65000","A-Analog","High","12.5K","Off","Off","ITALIA","Group Call","222","IZ7XXX","Off","Carrier","Off","1","1","1","Off","1","1","None","None","Off","Off","Off","Off","Normal Encryption","Off","Off","Off","Off","2511.0","1","Off","Off","Off","Off","Off","Off","1","0.00000","Off","0","1","0","0","0","0","0","0","0","0","0","1"
"124","LPD 25","433.67500","433.67500","A-Analog","High","12.5K","Off","Off","ITALIA","Group Call","222","IZ7XXX","Off","Carrier","Off","1","1","1","Off","1","1","None","None","Off","Off","Off","Off","Normal Encryption","Off","Off","Off","Off","2511.0","1","Off","Off","Off","Off","Off","Off","1","0.00000","Off","0","1","0","0","0","0","0","0","0","0","0","1"
"125","LPD 26","433.70000","433.70000","A-Analog","High","12.5K","Off","Off","ITALIA","Group Call","222","IZ7XXX","Off","Carrier","Off","1","1","1","Off","1","1","None","None","Off","Off","Off","Off","Normal Encryption","Off","Off","Off","Off","2511.0","1","Off","Off","Off","Off","Off","Off","1","0.00000","Off","0","1","0","0","0","0","0","0","0","0","0","1"
"126","LPD 27","433.72500","433.72500","A-Analog","High","12.5K","Off","Off","ITALIA","Group Call","222","IZ7XXX","Off","Carrier","Off","1","1","1","Off","1","1","None","None","Off","Off","Off","Off","Normal Encryption","Off","Off","Off","Off","2511.0","1","Off","Off","Off","Off","Off","Off","1","0.00000","Off","0","1","0","0","0","0","0","0","0","0","0","1"
"127","LPD 28","433.75000","433.75000","A-Analog","High","12.5K","Off","Off","ITALIA","Group Call","222","IZ7XXX","Off","Carrier","Off","1","1","1","Off","1","1","None","None","Off","Off","Off","Off","Normal Encryption","Off","Off","Off","Off","2511.0","1","Off","Off","Off","Off","Off","Off","1","0.00000","Off","0","1","0","0","0","0","0","0","0","0","0","1"
"128","LPD 29","433.77500","433.77500","A-Analog","High","12.5K","Off","Off","ITALIA","Group Call","222","IZ7XXX","Off","Carrier","Off","1","1","1","Off","1","1","None","None","Off","Off","Off","Off","Normal Encryption","Off","Off","Off","Off","2511.0","1","Off","Off","Off","Off","Off","Off","1","0.00000","Off","0","1","0","0","0","0","0","0","0","0","0","1"
"129","LPD 30","433.80000","433.80000","A-Analog","High","12.5K","Off","Off","ITALIA","Group Call","222","IZ7XXX","Off","Carrier","Off","1","1","1","Off","1","1","None","None","Off","Off","Off","Off","Normal Encryption","Off","Off","Off","Off","2511.0","1","Off","Off","Off","Off","Off","Off","1","0.00000","Off","0","1","0","0","0","0","0","0","0","0","0","1"
"130","LPD 31","433.82500","433.82500","A-Analog","High","12.5K","Off","Off","ITALIA","Group Call","222","IZ7XXX","Off","Carrier","Off","1","1","1","Off","1","1","None","None","Off","Off","Off","Off","Normal Encryption","Off","Off","Off","Off","2511.0","1","Off","Off","Off","Off","Off","Off","1","0.00000","Off","0","1","0","0","0","0","0","0","0","0","0","1"
"131","LPD 32","433.85000","433.85000","A-Analog","High","12.5K","Off","Off","ITALIA","Group Call","222","IZ7XXX","Off","Carrier","Off","1","1","1","Off","1","1","None","None","Off","Off","Off","Off","Normal Encryption","Off","Off","Off","Off","2511.0","1","Off","Off","Off","Off","Off","Off","1","0.00000","Off","0","1","0","0","0","0","0","0","0","0","0","1"
"132","LPD 33","433.87500","433.87500","A-Analog","High","12.5K","Off","Off","ITALIA","Group Call","222","IZ7XXX","Off","Carrier","Off","1","1","1","Off","1","1","None","None","Off","Off","Off","Off","Normal Encryption","Off","Off","Off","Off","2511.0","1","Off","Off","Off","Off","Off","Off","1","0.00000","Off","0","1","0","0","0","0","0","0","0","0","0","1"
"133","LPD 34","433.90000","433.90000","A-Analog","High","12.5K","Off","Off","ITALIA","Group Call","222","IZ7XXX","Off","Carrier","Off","1","1","1","Off","1","1","None","None","Off","Off","Off","Off","Normal Encryption","Off","Off","Off","Off","2511.0","1","Off","Off","Off","Off","Off","Off","1","0.00000","Off","0","1","0","0","0","0","0","0","0","0","0","1"
"134","LPD 35","433.92500","433.92500","A-Analog","High","12.5K","Off","Off","ITALIA","Group Call","222","IZ7XXX","Off","Carrier","Off","1","1","1","Off","1","1","None","None","Off","Off","Off","Off","Normal Encryption","Off","Off","Off","Off","2511.0","1","Off","Off","Off","Off","Off","Off","1","0.00000","Off","0","1","0","0","0","0","0","0","0","0","0","1"
"135","LPD 36","433.95000","433.95000","A-Analog","High","12.5K","Off","Off","ITALIA","Group Call","222","IZ7XXX","Off","Carrier","Off","1","1","1","Off","1","1","None","None","Off","Off","Off","Off","Normal Encryption","Off","Off","Off","Off","2511.0","1","Off","Off","Off","Off","Off","Off","1","0.00000","Off","0","1","0","0","0","0","0","0","0","0","0","1"
"136","LPD 37","433.97500","433.97500","A-Analog","High","12.5K","Off","Off","ITALIA","Group Call","222","IZ7XXX","Off","Carrier","Off","1","1","1","Off","1","1","None","None","Off","Off","Off","Off","Normal Encryption","Off","Off","Off","Off","2511.0","1","Off","Off","Off","Off","Off","Off","1","0.00000","Off","0","1","0","0","0","0","0","0","0","0","0","1"
"137","LPD 38","434.00000","434.00000","A-Analog","High","12.5K","Off","Off","ITALIA","Group Call","222","IZ7XXX","Off","Carrier","Off","1","1","1","Off","1","1","None","None","Off","Off","Off","Off","Normal Encryption","Off","Off","Off","Off","2511.0","1","Off","Off","Off","Off","Off","Off","1","0.00000","Off","0","1","0","0","0","0","0","0","0","0","0","1"
"138","LPD 39","434.02500","434.02500","A-Analog","High","12.5K","Off","Off","ITALIA","Group Call","222","IZ7XXX","Off","Carrier","Off","1","1","1","Off","1","1","None","None","Off","Off","Off","Off","Normal Encryption","Off","Off","Off","Off","2511.0","1","Off","Off","Off","Off","Off","Off","1","0.00000","Off","0","1","0","0","0","0","0","0","0","0","0","1"
"139","LPD 40","434.05000","434.05000","A-Analog","High","12.5K","Off","Off","ITALIA","Group Call","222","IZ7XXX","Off","Carrier","Off","1","1","1","Off","1","1","None","None","Off","Off","Off","Off","Normal Encryption","Off","Off","Off","Off","2511.0","1","Off","Off","Off","Off","Off","Off","1","0.00000","Off","0","1","0","0","0","0","0","0","0","0","0","1"
"140","LPD 41","434.07500","434.07500","A-Analog","High","12.5K","Off","Off","ITALIA","Group Call","222","IZ7XXX","Off","Carrier","Off","1","1","1","Off","1","1","None","None","Off","Off","Off","Off","Normal Encryption","Off","Off","Off","Off","2511.0","1","Off","Off","Off","Off","Off","Off","1","0.00000","Off","0","1","0","0","0","0","0","0","0","0","0","1"
"141","LPD 42","434.10000","434.10000","A-Analog","High","12.5K","Off","Off","ITALIA","Group Call","222","IZ7XXX","Off","Carrier","Off","1","1","1","Off","1","1","None","None","Off","Off","Off","Off","Normal Encryption","Off","Off","Off","Off","2511.0","1","Off","Off","Off","Off","Off","Off","1","0.00000","Off","0","1","0","0","0","0","0","0","0","0","0","1"
"142","LPD 43","434.12500","434.12500","A-Analog","High","12.5K","Off","Off","ITALIA","Group Call","222","IZ7XXX","Off","Carrier","Off","1","1","1","Off","1","1","None","None","Off","Off","Off","Off","Normal Encryption","Off","Off","Off","Off","2511.0","1","Off","Off","Off","Off","Off","Off","1","0.00000","Off","0","1","0","0","0","0","0","0","0","0","0","1"
"143","LPD 44","434.15000","434.15000","A-Analog","High","12.5K","Off","Off","ITALIA","Group Call","222","IZ7XXX","Off","Carrier","Off","1","1","1","Off","1","1","None","None","Off","Off","Off","Off","Normal Encryption","Off","Off","Off","Off","2511.0","1","Off","Off","Off","Off","Off","Off","1","0.00000","Off","0","1","0","0","0","0","0","0","0","0","0","1"
"144","LPD 45","434.17500","434.17500","A-Analog","High","12.5K","Off","Off","ITALIA","Group Call","222","IZ7XXX","Off","Carrier","Off","1","1","1","Off","1","1","None","None","Off","Off","Off","Off","Normal Encryption","Off","Off","Off","Off","2511.0","1","Off","Off","Off","Off","Off","Off","1","0.00000","Off","0","1","0","0","0","0","0","0","0","0","0","1"
"145","LPD 46","434.20000","434.20000","A-Analog","High","12.5K","Off","Off","ITALIA","Group Call","222","IZ7XXX","Off","Carrier","Off","1","1","1","Off","1","1","None","None","Off","Off","Off","Off","Normal Encryption","Off","Off","Off","Off","2511.0","1","Off","Off","Off","Off","Off","Off","1","0.00000","Off","0","1","0","0","0","0","0","0","0","0","0","1"
"146","LPD 47","434.22500","434.22500","A-Analog","High","12.5K","Off","Off","ITALIA","Group Call","222","IZ7XXX","Off","Carrier","Off","1","1","1","Off","1","1","None","None","Off","Off","Off","Off","Normal Encryption","Off","Off","Off","Off","2511.0","1","Off","Off","Off","Off","Off","Off","1","0.00000","Off","0","1","0","0","0","0","0","0","0","0","0","1"
"147","LPD 48","434.25000","434.25000","A-Analog","High","12.5K","Off","Off","ITALIA","Group Call","222","IZ7XXX","Off","Carrier","Off","1","1","1","Off","1","1","None","None","Off","Off","Off","Off","Normal Encryption","Off","Off","Off","Off","2511.0","1","Off","Off","Off","Off","Off","Off","1","0.00000","Off","0","1","0","0","0","0","0","0","0","0","0","1"
"148","LPD 49","434.27500","434.27500","A-Analog","High","12.5K","Off","Off","ITALIA","Group Call","222","IZ7XXX","Off","Carrier","Off","1","1","1","Off","1","1","None","None","Off","Off","Off","Off","Normal Encryption","Off","Off","Off","Off","2511.0","1","Off","Off","Off","Off","Off","Off","1","0.00000","Off","0","1","0","0","0","0","0","0","0","0","0","1"
"149","LPD 50","434.30000","434.30000","A-Analog","High","12.5K","Off","Off","ITALIA","Group Call","222","IZ7XXX","Off","Carrier","Off","1","1","1","Off","1","1","None","None","Off","Off","Off","Off","Normal Encryption","Off","Off","Off","Off","2511.0","1","Off","Off","Off","Off","Off","Off","1","0.00000","Off","0","1","0","0","0","0","0","0","0","0","0","1"
"150","LPD 51","434.32500","434.32500","A-Analog","High","12.5K","Off","Off","ITALIA","Group Call","222","IZ7XXX","Off","Carrier","Off","1","1","1","Off","1","1","None","None","Off","Off","Off","Off","Normal Encryption","Off","Off","Off","Off","2511.0","1","Off","Off","Off","Off","Off","Off","1","0.00000","Off","0","1","0","0","0","0","0","0","0","0","0","1"
"151","LPD 52","434.35000","434.35000","A-Analog","High","12.5K","Off","Off","ITALIA","Group Call","222","IZ7XXX","Off","Carrier","Off","1","1","1","Off","1","1","None","None","Off","Off","Off","Off","Normal Encryption","Off","Off","Off","Off","2511.0","1","Off","Off","Off","Off","Off","Off","1","0.00000","Off","0","1","0","0","0","0","0","0","0","0","0","1"
"152","LPD 53","434.37500","434.37500","A-Analog","High","12.5K","Off","Off","ITALIA","Group Call","222","IZ7XXX","Off","Carrier","Off","1","1","1","Off","1","1","None","None","Off","Off","Off","Off","Normal Encryption","Off","Off","Off","Off","2511.0","1","Off","Off","Off","Off","Off","Off","1","0.00000","Off","0","1","0","0","0","0","0","0","0","0","0","1"
"153","LPD 54","434.40000","434.40000","A-Analog","High","12.5K","Off","Off","ITALIA","Group Call","222","IZ7XXX","Off","Carrier","Off","1","1","1","Off","1","1","None","None","Off","Off","Off","Off","Normal Encryption","Off","Off","Off","Off","2511.0","1","Off","Off","Off","Off","Off","Off","1","0.00000","Off","0","1","0","0","0","0","0","0","0","0","0","1"
"154","LPD 55","434.42500","434.42500","A-Analog","High","12.5K","Off","Off","ITALIA","Group Call","222","IZ7XXX","Off","Carrier","Off","1","1","1","Off","1","1","None","None","Off","Off","Off","Off","Normal Encryption","Off","Off","Off","Off","2511.0","1","Off","Off","Off","Off","Off","Off","1","0.00000","Off","0","1","0","0","0","0","0","0","0","0","0","1"
"155","LPD 56","434.45000","434.45000","A-Analog","High","12.5K","Off","Off","ITALIA","Group Call","222","IZ7XXX","Off","Carrier","Off","1","1","1","Off","1","1","None","None","Off","Off","Off","Off","Normal Encryption","Off","Off","Off","Off","2511.0","1","Off","Off","Off","Off","Off","Off","1","0.00000","Off","0","1","0","0","0","0","0","0","0","0","0","1"
"156","LPD 57","434.47500","434.47500","A-Analog","High","12.5K","Off","Off","ITALIA","Group Call","222","IZ7XXX","Off","Carrier","Off","1","1","1","Off","1","1","None","None","Off","Off","Off","Off","Normal Encryption","Off","Off","Off","Off","2511.0","1","Off","Off","Off","Off","Off","Off","1","0.00000","Off","0","1","0","0","0","0","0","0","0","0","0","1"
"157","LPD 58","434.50000","434.50000","A-Analog","High","12.5K","Off","Off","ITALIA","Group Call","222","IZ7XXX","Off","Carrier","Off","1","1","1","Off","1","1","None","None","Off","Off","Off","Off","Normal Encryption","Off","Off","Off","Off","2511.0","1","Off","Off","Off","Off","Off","Off","1","0.00000","Off","0","1","0","0","0","0","0","0","0","0","0","1"
"158","LPD 59","434.52500","434.52500","A-Analog","High","12.5K","Off","Off","ITALIA","Group Call","222","IZ7XXX","Off","Carrier","Off","1","1","1","Off","1","1","None","None","Off","Off","Off","Off","Normal Encryption","Off","Off","Off","Off","2511.0","1","Off","Off","Off","Off","Off","Off","1","0.00000","Off","0","1","0","0","0","0","0","0","0","0","0","1"
"159","LPD 60","434.55000","434.55000","A-Analog","High","12.5K","Off","Off","ITALIA","Group Call","222","IZ7XXX","Off","Carrier","Off","1","1","1","Off","1","1","None","None","Off","Off","Off","Off","Normal Encryption","Off","Off","Off","Off","2511.0","1","Off","Off","Off","Off","Off","Off","1","0.00000","Off","0","1","0","0","0","0","0","0","0","0","0","1"
"160","LPD 61","434.57500","434.57500","A-Analog","High","12.5K","Off","Off","ITALIA","Group Call","222","IZ7XXX","Off","Carrier","Off","1","1","1","Off","1","1","None","None","Off","Off","Off","Off","Normal Encryption","Off","Off","Off","Off","2511.0","1","Off","Off","Off","Off","Off","Off","1","0.00000","Off","0","1","0","0","0","0","0","0","0","0","0","1"
"161","LPD 62","434.60000","434.60000","A-Analog","High","12.5K","Off","Off","ITALIA","Group Call","222","IZ7XXX","Off","Carrier","Off","1","1","1","Off","1","1","None","None","Off","Off","Off","Off","Normal Encryption","Off","Off","Off","Off","2511.0","1","Off","Off","Off","Off","Off","Off","1","0.00000","Off","0","1","0","0","0","0","0","0","0","0","0","1"
"162","LPD 63","434.62500","434.62500","A-Analog","High","12.5K","Off","Off","ITALIA","Group Call","222","IZ7XXX","Off","Carrier","Off","1","1","1","Off","1","1","None","None","Off","Off","Off","Off","Normal Encryption","Off","Off","Off","Off","2511.0","1","Off","Off","Off","Off","Off","Off","1","0.00000","Off","0","1","0","0","0","0","0","0","0","0","0","1"
"163","LPD 64","434.65000","434.65000","A-Analog","High","12.5K","Off","Off","ITALIA","Group Call","222","IZ7XXX","Off","Carrier","Off","1","1","1","Off","1","1","None","None","Off","Off","Off","Off","Normal Encryption","Off","Off","Off","Off","2511.0","1","Off","Off","Off","Off","Off","Off","1","0.00000","Off","0","1","0","0","0","0","0","0","0","0","0","1"
"164","LPD 65","434.67500","434.67500","A-Analog","High","12.5K","Off","Off","ITALIA","Group Call","222","IZ7XXX","Off","Carrier","Off","1","1","1","Off","1","1","None","None","Off","Off","Off","Off","Normal Encryption","Off","Off","Off","Off","2511.0","1","Off","Off","Off","Off","Off","Off","1","0.00000","Off","0","1","0","0","0","0","0","0","0","0","0","1"
"165","LPD 66","434.70000","434.70000","A-Analog","High","12.5K","Off","Off","ITALIA","Group Call","222","IZ7XXX","Off","Carrier","Off","1","1","1","Off","1","1","None","None","Off","Off","Off","Off","Normal Encryption","Off","Off","Off","Off","2511.0","1","Off","Off","Off","Off","Off","Off","1","0.00000","Off","0","1","0","0","0","0","0","0","0","0","0","1"
"166","LPD 67","434.72500","434.72500","A-Analog","High","12.5K","Off","Off","ITALIA","Group Call","222","IZ7XXX","Off","Carrier","Off","1","1","1","Off","1","1","None","None","Off","Off","Off","Off","Normal Encryption","Off","Off","Off","Off","2511.0","1","Off","Off","Off","Off","Off","Off","1","0.00000","Off","0","1","0","0","0","0","0","0","0","0","0","1"
"167","LPD 68","434.75000","434.75000","A-Analog","High","12.5K","Off","Off","ITALIA","Group Call","222","IZ7XXX","Off","Carrier","Off","1","1","1","Off","1","1","None","None","Off","Off","Off","Off","Normal Encryption","Off","Off","Off","Off","2511.0","1","Off","Off","Off","Off","Off","Off","1","0.00000","Off","0","1","0","0","0","0","0","0","0","0","0","1"
"168","LPD 69","434.77500","434.77500","A-Analog","High","12.5K","Off","Off","ITALIA","Group Call","222","IZ7XXX","Off","Carrier","Off","1","1","1","Off","1","1","None","None","Off","Off","Off","Off","Normal Encryption","Off","Off","Off","Off","2511.0","1","Off","Off","Off","Off","Off","Off","1","0.00000","Off","0","1","0","0","0","0","0","0","0","0","0","1"
"169","PMR 1 (Monitor)","446.00625","446.00625","A-Analog","High","12.5K","Off","Off","ITALIA","Group Call","222","IZ7XXX","Off","Carrier","Off","1","1","1","Off","1","1","PMR","None","Off","Off","Off","Off","Normal Encryption","Off","Off","Off","Off","2511.0","1","Off","Off","Off","Off","Off","Off","1","0.00000","Off","0","1","0","0","0","0","0","0","0","0","0","1"
"170","PMR 2","446.01875","446.01875","A-Analog","High","12.5K","Off","Off","ITALIA","Group Call","222","IZ7XXX","Off","Carrier","Off","1","1","1","Off","1","1","PMR","None","Off","Off","Off","Off","Normal Encryption","Off","Off","Off","Off","2511.0","1","Off","Off","Off","Off","Off","Off","1","0.00000","Off","0","1","0","0","0","0","0","0","0","0","0","1"
"171","PMR 3","446.03125","446.03125","A-Analog","High","12.5K","Off","Off","ITALIA","Group Call","222","IZ7XXX","Off","Carrier","Off","1","1","1","Off","1","1","PMR","None","Off","Off","Off","Off","Normal Encryption","Off","Off","Off","Off","2511.0","1","Off","Off","Off","Off","Off","Off","1","0.00000","Off","0","1","0","0","0","0","0","0","0","0","0","1"
"172","PMR 4 (Droni)","446.04375","446.04375","A-Analog","High","12.5K","Off","Off","ITALIA","Group Call","222","IZ7XXX","Off","Carrier","Off","1","1","1","Off","1","1","PMR","None","Off","Off","Off","Off","Normal Encryption","Off","Off","Off","Off","2511.0","1","Off","Off","Off","Off","Off","Off","1","0.00000","Off","0","1","0","0","0","0","0","0","0","0","0","1"
"173","PMR 5 (Scout)","446.05625","446.05625","A-Analog","High","12.5K","Off","Off","ITALIA","Group Call","222","IZ7XXX","Off","Carrier","Off","1","1","1","Off","1","1","PMR","None","Off","Off","Off","Off","Normal Encryption","Off","Off","Off","Off","2511.0","1","Off","Off","Off","Off","Off","Off","1","0.00000","Off","0","1","0","0","0","0","0","0","0","0","0","1"
"174","PMR 6","446.06875","446.06875","A-Analog","High","12.5K","Off","Off","ITALIA","Group Call","222","IZ7XXX","Off","Carrier","Off","1","1","1","Off","1","1","PMR","None","Off","Off","Off","Off","Normal Encryption","Off","Off","Off","Off","2511.0","1","Off","Off","Off","Off","Off","Off","1","0.00000","Off","0","1","0","0","0","0","0","0","0","0","0","1"
"175","PMR 7","446.08125","446.08125","A-Analog","High","12.5K","Off","Off","ITALIA","Group Call","222","IZ7XXX","Off","Carrier","Off","1","1","1","Off","1","1","PMR","None","Off","Off","Off","Off","Normal Encryption","Off","Off","Off","Off","2511.0","1","Off","Off","Off","Off","Off","Off","1","0.00000","Off","0","1","0","0","0","0","0","0","0","0","0","1"
"176","PMR 8 (Chiam)","446.09375","446.09375","A-Analog","High","12.5K","Off","Off","ITALIA","Group Call","222","IZ7XXX","Off","Carrier","Off","1","1","1","Off","1","1","PMR","None","Off","Off","Off","Off","Normal Encryption","Off","Off","Off","Off","2511.0","1","Off","Off","Off","Off","Off","Off","1","0.00000","Off","0","1","0","0","0","0","0","0","0","0","0","1"
"177","CH-01","156.05000","160.65000","A-Analog","High","12.5K","Off","Off","ITALIA","Group Call","222","IZ7XXX","Off","Carrier","Off","1","1","1","Off","1","1","None","None","Off","Off","Off","Off","Normal Encryption","Off","Off","Off","Off","2511.0","1","Off","Off","Off","Off","Off","Off","1","0.00000","Off","0","1","0","0","0","0","0","0","0","0","0","1"
"178","CH-02","156.10000","160.70000","A-Analog","High","12.5K","Off","Off","ITALIA","Group Call","222","IZ7XXX","Off","Carrier","Off","1","1","1","Off","1","1","None","None","Off","Off","Off","Off","Normal Encryption","Off","Off","Off","Off","2511.0","1","Off","Off","Off","Off","Off","Off","1","0.00000","Off","0","1","0","0","0","0","0","0","0","0","0","1"
"179","CH-03","156.15000","160.75000","A-Analog","High","12.5K","Off","Off","ITALIA","Group Call","222","IZ7XXX","Off","Carrier","Off","1","1","1","Off","1","1","None","None","Off","Off","Off","Off","Normal Encryption","Off","Off","Off","Off","2511.0","1","Off","Off","Off","Off","Off","Off","1","0.00000","Off","0","1","0","0","0","0","0","0","0","0","0","1"
"180","CH-04","156.20000","160.80000","A-Analog","High","12.5K","Off","Off","ITALIA","Group Call","222","IZ7XXX","Off","Carrier","Off","1","1","1","Off","1","1","None","None","Off","Off","Off","Off","Normal Encryption","Off","Off","Off","Off","2511.0","1","Off","Off","Off","Off","Off","Off","1","0.00000","Off","0","1","0","0","0","0","0","0","0","0","0","1"
"181","CH-05","156.25000","160.85000","A-Analog","High","12.5K","Off","Off","ITALIA","Group Call","222","IZ7XXX","Off","Carrier","Off","1","1","1","Off","1","1","None","None","Off","Off","Off","Off","Normal Encryption","Off","Off","Off","Off","2511.0","1","Off","Off","Off","Off","Off","Off","1","0.00000","Off","0","1","0","0","0","0","0","0","0","0","0","1"
"182","CH-06","156.30000","156.30000","A-Analog","High","12.5K","Off","Off","ITALIA","Group Call","222","IZ7XXX","Off","Carrier","Off","1","1","1","Off","1","1","None","None","Off","Off","Off","Off","Normal Encryption","Off","Off","Off","Off","2511.0","1","Off","Off","Off","Off","Off","Off","1","0.00000","Off","0","1","0","0","0","0","0","0","0","0","0","1"
"183","CH-07","156.35000","160.95000","A-Analog","High","12.5K","Off","Off","ITALIA","Group Call","222","IZ7XXX","Off","Carrier","Off","1","1","1","Off","1","1","None","None","Off","Off","Off","Off","Normal Encryption","Off","Off","Off","Off","2511.0","1","Off","Off","Off","Off","Off","Off","1","0.00000","Off","0","1","0","0","0","0","0","0","0","0","0","1"
"184","CH-08","156.40000","156.40000","A-Analog","High","12.5K","Off","Off","ITALIA","Group Call","222","IZ7XXX","Off","Carrier","Off","1","1","1","Off","1","1","None","None","Off","Off","Off","Off","Normal Encryption","Off","Off","Off","Off","2511.0","1","Off","Off","Off","Off","Off","Off","1","0.00000","Off","0","1","0","0","0","0","0","0","0","0","0","1"
"185","CH-09","156.45000","156.45000","A-Analog","High","12.5K","Off","Off","ITALIA","Group Call","222","IZ7XXX","Off","Carrier","Off","1","1","1","Off","1","1","None","None","Off","Off","Off","Off","Normal Encryption","Off","Off","Off","Off","2511.0","1","Off","Off","Off","Off","Off","Off","1","0.00000","Off","0","1","0","0","0","0","0","0","0","0","0","1"
"186","CH-10","156.50000","156.50000","A-Analog","High","12.5K","Off","Off","ITALIA","Group Call","222","IZ7XXX","Off","Carrier","Off","1","1","1","Off","1","1","None","None","Off","Off","Off","Off","Normal Encryption","Off","Off","Off","Off","2511.0","1","Off","Off","Off","Off","Off","Off","1","0.00000","Off","0","1","0","0","0","0","0","0","0","0","0","1"
"187","CH-11","156.55000","156.55000","A-Analog","High","12.5K","Off","Off","ITALIA","Group Call","222","IZ7XXX","Off","Carrier","Off","1","1","1","Off","1","1","None","None","Off","Off","Off","Off","Normal Encryption","Off","Off","Off","Off","2511.0","1","Off","Off","Off","Off","Off","Off","1","0.00000","Off","0","1","0","0","0","0","0","0","0","0","0","1"
"188","CH-12","156.60000","156.60000","A-Analog","High","12.5K","Off","Off","ITALIA","Group Call","222","IZ7XXX","Off","Carrier","Off","1","1","1","Off","1","1","None","None","Off","Off","Off","Off","Normal Encryption","Off","Off","Off","Off","2511.0","1","Off","Off","Off","Off","Off","Off","1","0.00000","Off","0","1","0","0","0","0","0","0","0","0","0","1"
"189","CH-13","156.65000","156.65000","A-Analog","High","12.5K","Off","Off","ITALIA","Group Call","222","IZ7XXX","Off","Carrier","Off","1","1","1","Off","1","1","None","None","Off","Off","Off","Off","Normal Encryption","Off","Off","Off","Off","2511.0","1","Off","Off","Off","Off","Off","Off","1","0.00000","Off","0","1","0","0","0","0","0","0","0","0","0","1"
"190","CH-14","156.70000","156.70000","A-Analog","High","12.5K","Off","Off","ITALIA","Group Call","222","IZ7XXX","Off","Carrier","Off","1","1","1","Off","1","1","None","None","Off","Off","Off","Off","Normal Encryption","Off","Off","Off","Off","2511.0","1","Off","Off","Off","Off","Off","Off","1","0.00000","Off","0","1","0","0","0","0","0","0","0","0","0","1"
"191","CH-15","156.75000","156.75000","A-Analog","High","12.5K","Off","Off","ITALIA","Group Call","222","IZ7XXX","Off","Carrier","Off","1","1","1","Off","1","1","None","None","Off","Off","Off","Off","Normal Encryption","Off","Off","Off","Off","2511.0","1","Off","Off","Off","Off","Off","Off","1","0.00000","Off","0","1","0","0","0","0","0","0","0","0","0","1"
"192","CH-16","156.80000","156.80000","A-Analog","High","12.5K","Off","Off","ITALIA","Group Call","222","IZ7XXX","Off","Carrier","Off","1","1","1","Off","1","1","None","None","Off","Off","Off","Off","Normal Encryption","Off","Off","Off","Off","2511.0","1","Off","Off","Off","Off","Off","Off","1","0.00000","Off","0","1","0","0","0","0","0","0","0","0","0","1"
"193","CH-17","156.85000","156.85000","A-Analog","High","12.5K","Off","Off","ITALIA","Group Call","222","IZ7XXX","Off","Carrier","Off","1","1","1","Off","1","1","None","None","Off","Off","Off","Off","Normal Encryption","Off","Off","Off","Off","2511.0","1","Off","Off","Off","Off","Off","Off","1","0.00000","Off","0","1","0","0","0","0","0","0","0","0","0","1"
"194","CH-18","156.90000","161.50000","A-Analog","High","12.5K","Off","Off","ITALIA","Group Call","222","IZ7XXX","Off","Carrier","Off","1","1","1","Off","1","1","None","None","Off","Off","Off","Off","Normal Encryption","Off","Off","Off","Off","2511.0","1","Off","Off","Off","Off","Off","Off","1","0.00000","Off","0","1","0","0","0","0","0","0","0","0","0","1"
"195","CH-19","156.95000","161.55000","A-Analog","High","12.5K","Off","Off","ITALIA","Group Call","222","IZ7XXX","Off","Carrier","Off","1","1","1","Off","1","1","None","None","Off","Off","Off","Off","Normal Encryption","Off","Off","Off","Off","2511.0","1","Off","Off","Off","Off","Off","Off","1","0.00000","Off","0","1","0","0","0","0","0","0","0","0","0","1"
"196","CH-20","157.00000","161.60000","A-Analog","High","12.5K","Off","Off","ITALIA","Group Call","222","IZ7XXX","Off","Carrier","Off","1","1","1","Off","1","1","None","None","Off","Off","Off","Off","Normal Encryption","Off","Off","Off","Off","2511.0","1","Off","Off","Off","Off","Off","Off","1","0.00000","Off","0","1","0","0","0","0","0","0","0","0","0","1"
"197","CH-21","157.05000","161.65000","A-Analog","High","12.5K","Off","Off","ITALIA","Group Call","222","IZ7XXX","Off","Carrier","Off","1","1","1","Off","1","1","None","None","Off","Off","Off","Off","Normal Encryption","Off","Off","Off","Off","2511.0","1","Off","Off","Off","Off","Off","Off","1","0.00000","Off","0","1","0","0","0","0","0","0","0","0","0","1"
"198","CH-22","157.10000","161.70000","A-Analog","High","12.5K","Off","Off","ITALIA","Group Call","222","IZ7XXX","Off","Carrier","Off","1","1","1","Off","1","1","None","None","Off","Off","Off","Off","Normal Encryption","Off","Off","Off","Off","2511.0","1","Off","Off","Off","Off","Off","Off","1","0.00000","Off","0","1","0","0","0","0","0","0","0","0","0","1"
"199","CH-23","157.15000","161.75000","A-Analog","High","12.5K","Off","Off","ITALIA","Group Call","222","IZ7XXX","Off","Carrier","Off","1","1","1","Off","1","1","None","None","Off","Off","Off","Off","Normal Encryption","Off","Off","Off","Off","2511.0","1","Off","Off","Off","Off","Off","Off","1","0.00000","Off","0","1","0","0","0","0","0","0","0","0","0","1"
"200","CH-24","157.20000","161.80000","A-Analog","High","12.5K","Off","Off","ITALIA","Group Call","222","IZ7XXX","Off","Carrier","Off","1","1","1","Off","1","1","None","None","Off","Off","Off","Off","Normal Encryption","Off","Off","Off","Off","2511.0","1","Off","Off","Off","Off","Off","Off","1","0.00000","Off","0","1","0","0","0","0","0","0","0","0","0","1"
"201","CH-25","157.25000","161.85000","A-Analog","High","12.5K","Off","Off","ITALIA","Group Call","222","IZ7XXX","Off","Carrier","Off","1","1","1","Off","1","1","None","None","Off","Off","Off","Off","Normal Encryption","Off","Off","Off","Off","2511.0","1","Off","Off","Off","Off","Off","Off","1","0.00000","Off","0","1","0","0","0","0","0","0","0","0","0","1"
"202","CH-26","157.30000","161.90000","A-Analog","High","12.5K","Off","Off","ITALIA","Group Call","222","IZ7XXX","Off","Carrier","Off","1","1","1","Off","1","1","None","None","Off","Off","Off","Off","Normal Encryption","Off","Off","Off","Off","2511.0","1","Off","Off","Off","Off","Off","Off","1","0.00000","Off","0","1","0","0","0","0","0","0","0","0","0","1"
"203","CH-27","157.35000","161.95000","A-Analog","High","12.5K","Off","Off","ITALIA","Group Call","222","IZ7XXX","Off","Carrier","Off","1","1","1","Off","1","1","None","None","Off","Off","Off","Off","Normal Encryption","Off","Off","Off","Off","2511.0","1","Off","Off","Off","Off","Off","Off","1","0.00000","Off","0","1","0","0","0","0","0","0","0","0","0","1"
"204","CH-28","157.40000","162.00000","A-Analog","High","12.5K","Off","Off","ITALIA","Group Call","222","IZ7XXX","Off","Carrier","Off","1","1","1","Off","1","1","None","None","Off","Off","Off","Off","Normal Encryption","Off","Off","Off","Off","2511.0","1","Off","Off","Off","Off","Off","Off","1","0.00000","Off","0","1","0","0","0","0","0","0","0","0","0","1"
"205","CH-60","156.02500","160.62500","A-Analog","High","12.5K","Off","Off","ITALIA","Group Call","222","IZ7XXX","Off","Carrier","Off","1","1","1","Off","1","1","None","None","Off","Off","Off","Off","Normal Encryption","Off","Off","Off","Off","2511.0","1","Off","Off","Off","Off","Off","Off","1","0.00000","Off","0","1","0","0","0","0","0","0","0","0","0","1"
"206","CH-61","156.07500","160.67500","A-Analog","High","12.5K","Off","Off","ITALIA","Group Call","222","IZ7XXX","Off","Carrier","Off","1","1","1","Off","1","1","None","None","Off","Off","Off","Off","Normal Encryption","Off","Off","Off","Off","2511.0","1","Off","Off","Off","Off","Off","Off","1","0.00000","Off","0","1","0","0","0","0","0","0","0","0","0","1"
"207","CH-62","156.12500","160.72500","A-Analog","High","12.5K","Off","Off","ITALIA","Group Call","222","IZ7XXX","Off","Carrier","Off","1","1","1","Off","1","1","None","None","Off","Off","Off","Off","Normal Encryption","Off","Off","Off","Off","2511.0","1","Off","Off","Off","Off","Off","Off","1","0.00000","Off","0","1","0","0","0","0","0","0","0","0","0","1"
"208","CH-63","156.17500","160.77500","A-Analog","High","12.5K","Off","Off","ITALIA","Group Call","222","IZ7XXX","Off","Carrier","Off","1","1","1","Off","1","1","None","None","Off","Off","Off","Off","Normal Encryption","Off","Off","Off","Off","2511.0","1","Off","Off","Off","Off","Off","Off","1","0.00000","Off","0","1","0","0","0","0","0","0","0","0","0","1"
"209","CH-64","156.22500","160.82500","A-Analog","High","12.5K","Off","Off","ITALIA","Group Call","222","IZ7XXX","Off","Carrier","Off","1","1","1","Off","1","1","None","None","Off","Off","Off","Off","Normal Encryption","Off","Off","Off","Off","2511.0","1","Off","Off","Off","Off","Off","Off","1","0.00000","Off","0","1","0","0","0","0","0","0","0","0","0","1"
"210","CH-65","156.27500","160.87500","A-Analog","High","12.5K","Off","Off","ITALIA","Group Call","222","IZ7XXX","Off","Carrier","Off","1","1","1","Off","1","1","None","None","Off","Off","Off","Off","Normal Encryption","Off","Off","Off","Off","2511.0","1","Off","Off","Off","Off","Off","Off","1","0.00000","Off","0","1","0","0","0","0","0","0","0","0","0","1"
"211","CH-66","156.32500","160.92500","A-Analog","High","12.5K","Off","Off","ITALIA","Group Call","222","IZ7XXX","Off","Carrier","Off","1","1","1","Off","1","1","None","None","Off","Off","Off","Off","Normal Encryption","Off","Off","Off","Off","2511.0","1","Off","Off","Off","Off","Off","Off","1","0.00000","Off","0","1","0","0","0","0","0","0","0","0","0","1"
"212","CH-67","156.37500","156.37500","A-Analog","High","12.5K","Off","Off","ITALIA","Group Call","222","IZ7XXX","Off","Carrier","Off","1","1","1","Off","1","1","None","None","Off","Off","Off","Off","Normal Encryption","Off","Off","Off","Off","2511.0","1","Off","Off","Off","Off","Off","Off","1","0.00000","Off","0","1","0","0","0","0","0","0","0","0","0","1"
"213","CH-68","156.42500","156.42500","A-Analog","High","12.5K","Off","Off","ITALIA","Group Call","222","IZ7XXX","Off","Carrier","Off","1","1","1","Off","1","1","None","None","Off","Off","Off","Off","Normal Encryption","Off","Off","Off","Off","2511.0","1","Off","Off","Off","Off","Off","Off","1","0.00000","Off","0","1","0","0","0","0","0","0","0","0","0","1"
"214","CH-69","156.47500","156.47500","A-Analog","High","12.5K","Off","Off","ITALIA","Group Call","222","IZ7XXX","Off","Carrier","Off","1","1","1","Off","1","1","None","None","Off","Off","Off","Off","Normal Encryption","Off","Off","Off","Off","2511.0","1","Off","Off","Off","Off","Off","Off","1","0.00000","Off","0","1","0","0","0","0","0","0","0","0","0","1"
"215","CH-70","156.52500","156.52500","A-Analog","High","12.5K","Off","Off","ITALIA","Group Call","222","IZ7XXX","Off","Carrier","Off","1","1","1","Off","1","1","None","None","Off","Off","Off","Off","Normal Encryption","Off","Off","Off","Off","2511.0","1","Off","Off","Off","Off","Off","Off","1","0.00000","Off","0","1","0","0","0","0","0","0","0","0","0","1"
"216","CH-71","156.57500","156.57500","A-Analog","High","12.5K","Off","Off","ITALIA","Group Call","222","IZ7XXX","Off","Carrier","Off","1","1","1","Off","1","1","None","None","Off","Off","Off","Off","Normal Encryption","Off","Off","Off","Off","2511.0","1","Off","Off","Off","Off","Off","Off","1","0.00000","Off","0","1","0","0","0","0","0","0","0","0","0","1"
"217","CH-72","156.62500","156.62500","A-Analog","High","12.5K","Off","Off","ITALIA","Group Call","222","IZ7XXX","Off","Carrier","Off","1","1","1","Off","1","1","None","None","Off","Off","Off","Off","Normal Encryption","Off","Off","Off","Off","2511.0","1","Off","Off","Off","Off","Off","Off","1","0.00000","Off","0","1","0","0","0","0","0","0","0","0","0","1"
"218","CH-73","156.67500","156.67500","A-Analog","High","12.5K","Off","Off","ITALIA","Group Call","222","IZ7XXX","Off","Carrier","Off","1","1","1","Off","1","1","None","None","Off","Off","Off","Off","Normal Encryption","Off","Off","Off","Off","2511.0","1","Off","Off","Off","Off","Off","Off","1","0.00000","Off","0","1","0","0","0","0","0","0","0","0","0","1"
"219","CH-74","156.72500","156.72500","A-Analog","High","12.5K","Off","Off","ITALIA","Group Call","222","IZ7XXX","Off","Carrier","Off","1","1","1","Off","1","1","None","None","Off","Off","Off","Off","Normal Encryption","Off","Off","Off","Off","2511.0","1","Off","Off","Off","Off","Off","Off","1","0.00000","Off","0","1","0","0","0","0","0","0","0","0","0","1"
"220","CH-75","156.77500","156.77500","A-Analog","High","12.5K","Off","Off","ITALIA","Group Call","222","IZ7XXX","Off","Carrier","Off","1","1","1","Off","1","1","None","None","Off","Off","Off","Off","Normal Encryption","Off","Off","Off","Off","2511.0","1","Off","Off","Off","Off","Off","Off","1","0.00000","Off","0","1","0","0","0","0","0","0","0","0","0","1"
"221","CH-76","156.82500","156.82500","A-Analog","High","12.5K","Off","Off","ITALIA","Group Call","222","IZ7XXX","Off","Carrier","Off","1","1","1","Off","1","1","None","None","Off","Off","Off","Off","Normal Encryption","Off","Off","Off","Off","2511.0","1","Off","Off","Off","Off","Off","Off","1","0.00000","Off","0","1","0","0","0","0","0","0","0","0","0","1"
"222","CH-77","156.87500","156.87500","A-Analog","High","12.5K","Off","Off","ITALIA","Group Call","222","IZ7XXX","Off","Carrier","Off","1","1","1","Off","1","1","None","None","Off","Off","Off","Off","Normal Encryption","Off","Off","Off","Off","2511.0","1","Off","Off","Off","Off","Off","Off","1","0.00000","Off","0","1","0","0","0","0","0","0","0","0","0","1"
"223","CH-78","156.92500","161.52500","A-Analog","High","12.5K","Off","Off","ITALIA","Group Call","222","IZ7XXX","Off","Carrier","Off","1","1","1","Off","1","1","None","None","Off","Off","Off","Off","Normal Encryption","Off","Off","Off","Off","2511.0","1","Off","Off","Off","Off","Off","Off","1","0.00000","Off","0","1","0","0","0","0","0","0","0","0","0","1"
"224","CH-79","156.97500","161.57500","A-Analog","High","12.5K","Off","Off","ITALIA","Group Call","222","IZ7XXX","Off","Carrier","Off","1","1","1","Off","1","1","None","None","Off","Off","Off","Off","Normal Encryption","Off","Off","Off","Off","2511.0","1","Off","Off","Off","Off","Off","Off","1","0.00000","Off","0","1","0","0","0","0","0","0","0","0","0","1"
"225","CH-80","157.02500","161.62500","A-Analog","High","12.5K","Off","Off","ITALIA","Group Call","222","IZ7XXX","Off","Carrier","Off","1","1","1","Off","1","1","None","None","Off","Off","Off","Off","Normal Encryption","Off","Off","Off","Off","2511.0","1","Off","Off","Off","Off","Off","Off","1","0.00000","Off","0","1","0","0","0","0","0","0","0","0","0","1"
"226","CH-81","157.07500","161.67500","A-Analog","High","12.5K","Off","Off","ITALIA","Group Call","222","IZ7XXX","Off","Carrier","Off","1","1","1","Off","1","1","None","None","Off","Off","Off","Off","Normal Encryption","Off","Off","Off","Off","2511.0","1","Off","Off","Off","Off","Off","Off","1","0.00000","Off","0","1","0","0","0","0","0","0","0","0","0","1"
"227","CH-82","157.12500","161.72500","A-Analog","High","12.5K","Off","Off","ITALIA","Group Call","222","IZ7XXX","Off","Carrier","Off","1","1","1","Off","1","1","None","None","Off","Off","Off","Off","Normal Encryption","Off","Off","Off","Off","2511.0","1","Off","Off","Off","Off","Off","Off","1","0.00000","Off","0","1","0","0","0","0","0","0","0","0","0","1"
"228","CH-83","157.17500","161.77500","A-Analog","High","12.5K","Off","Off","ITALIA","Group Call","222","IZ7XXX","Off","Carrier","Off","1","1","1","Off","1","1","None","None","Off","Off","Off","Off","Normal Encryption","Off","Off","Off","Off","2511.0","1","Off","Off","Off","Off","Off","Off","1","0.00000","Off","0","1","0","0","0","0","0","0","0","0","0","1"
"229","CH-84","157.22500","161.82500","A-Analog","High","12.5K","Off","Off","ITALIA","Group Call","222","IZ7XXX","Off","Carrier","Off","1","1","1","Off","1","1","None","None","Off","Off","Off","Off","Normal Encryption","Off","Off","Off","Off","2511.0","1","Off","Off","Off","Off","Off","Off","1","0.00000","Off","0","1","0","0","0","0","0","0","0","0","0","1"
"230","CH-85","157.27500","161.87500","A-Analog","High","12.5K","Off","Off","ITALIA","Group Call","222","IZ7XXX","Off","Carrier","Off","1","1","1","Off","1","1","None","None","Off","Off","Off","Off","Normal Encryption","Off","Off","Off","Off","2511.0","1","Off","Off","Off","Off","Off","Off","1","0.00000","Off","0","1","0","0","0","0","0","0","0","0","0","1"
"231","CH-86","157.32500","161.92500","A-Analog","High","12.5K","Off","Off","ITALIA","Group Call","222","IZ7XXX","Off","Carrier","Off","1","1","1","Off","1","1","None","None","Off","Off","Off","Off","Normal Encryption","Off","Off","Off","Off","2511.0","1","Off","Off","Off","Off","Off","Off","1","0.00000","Off","0","1","0","0","0","0","0","0","0","0","0","1"
"232","CH-87","157.37500","157.37500","A-Analog","High","12.5K","Off","Off","ITALIA","Group Call","222","IZ7XXX","Off","Carrier","Off","1","1","1","Off","1","1","None","None","Off","Off","Off","Off","Normal Encryption","Off","Off","Off","Off","2511.0","1","Off","Off","Off","Off","Off","Off","1","0.00000","Off","0","1","0","0","0","0","0","0","0","0","0","1"
"233","CH-88","157.42500","157.42500","A-Analog","High","12.5K","Off","Off","ITALIA","Group Call","222","IZ7XXX","Off","Carrier","Off","1","1","1","Off","1","1","None","None","Off","Off","Off","Off","Normal Encryption","Off","Off","Off","Off","2511.0","1","Off","Off","Off","Off","Off","Off","1","0.00000","Off","0","1","0","0","0","0","0","0","0","0","0","1"
"234","VVFF","440.00000","440.00000","A-Analog","High","12.5K","Off","Off","ITALIA","Group Call","222","IZ7XXX","Off","Carrier","Off","1","1","1","Off","1","1","Emerg. 1","None","On","Off","Off","Off","Normal Encryption","Off","Off","Off","Off","251.1","0","Off","On","Off","Off","Off","Off","1","0.00000","Off","0","0","0","0","0","0","0","0","0","0","0","1"
"235","AeroAl-1","172.95000","172.95000","A-Analog","High","12.5K","Off","Off","ITALIA","Group Call","222","IZ7XXX","Off","Carrier","Off","1","1","1","Off","1","1","Emerg. 1","None","On","Off","Off","Off","Normal Encryption","Off","Off","Off","Off","251.1","0","Off","On","Off","Off","Off","Off","1","0.00000","Off","0","0","0","0","0","0","0","0","0","0","0","1"
"236","AeroAl-2","173.05000","173.05000","A-Analog","High","12.5K","Off","Off","ITALIA","Group Call","222","IZ7XXX","Off","Carrier","Off","1","1","1","Off","1","1","Emerg. 1","None","On","Off","Off","Off","Normal Encryption","Off","Off","Off","Off","251.1","0","Off","On","Off","Off","Off","Off","1","0.00000","Off","0","0","0","0","0","0","0","0","0","0","0","1"
"237","118 AL","460.05000","460.05000","A-Analog","High","12.5K","Off","Off","ITALIA","Group Call","222","IZ7XXX","Off","Carrier","Off","1","1","1","Off","1","1","Emerg. 1","None","On","Off","Off","Off","Normal Encryption","Off","Off","Off","Off","251.1","0","Off","On","Off","Off","Off","Off","1","0.00000","Off","0","0","0","0","0","0","0","0","0","0","0","1"
"238","Elisoccorso","460.30000","460.30000","A-Analog","High","12.5K","Off","Off","ITALIA","Group Call","222","IZ7XXX","Off","Carrier","Off","1","1","1","Off","1","1","Emerg. 1","None","On","Off","Off","Off","Normal Encryption","Off","Off","Off","Off","251.1","0","Off","On","Off","Off","Off","Off","1","0.00000","Off","0","0","0","0","0","0","0","0","0","0","0","1"
"239","118 SV","460.07500","460.07500","A-Analog","High","12.5K","Off","Off","ITALIA","Group Call","222","IZ7XXX","Off","Carrier","Off","1","1","1","Off","1","1","Emerg. 1","None","Off","Off","Off","Off","Normal Encryption","Off","Off","Off","Off","251.1","0","Off","On","Off","Off","Off","Off","1","0.00000","Off","0","0","0","0","0","0","0","0","0","0","0","1"
"240","115 AL 1","422.73125","422.73125","A-Analog","High","12.5K","Off","Off","ITALIA","Group Call","222","IZ7XXX","Off","Carrier","Off","1","1","1","Off","1","1","Emerg. 1","None","On","Off","Off","Off","Normal Encryption","Off","Off","Off","Off","251.1","0","Off","On","Off","Off","Off","Off","1","0.00000","Off","0","0","0","0","0","0","0","0","0","0","0","1"
"241","115 AL 2","444.65000","444.65000","A-Analog","High","12.5K","Off","Off","ITALIA","Group Call","222","IZ7XXX","Off","Carrier","Off","1","1","1","Off","1","1","Emerg. 1","None","On","Off","Off","Off","Normal Encryption","Off","Off","Off","Off","251.1","0","Off","On","Off","Off","Off","Off","1","0.00000","Off","0","0","0","0","0","0","0","0","0","0","0","1"
"242","115 AL 3","434.71250","434.71250","A-Analog","High","12.5K","Off","Off","ITALIA","Group Call","222","IZ7XXX","Off","Carrier","Off","1","1","1","Off","1","1","Emerg. 1","None","Off","Off","Off","Off","Normal Encryption","Off","Off","Off","Off","251.1","0","Off","On","Off","Off","Off","Off","1","0.00000","Off","0","0","0","0","0","0","0","0","0","0","0","1"
"243","115 SV 1","434.80000","434.80000","A-Analog","High","12.5K","Off","Off","ITALIA","Group Call","222","IZ7XXX","Off","Carrier","Off","1","1","1","Off","1","1","Emerg. 1","None","On","Off","Off","Off","Normal Encryption","Off","Off","Off","Off","251.1","0","Off","On","Off","Off","Off","Off","1","0.00000","Off","0","0","0","0","0","0","0","0","0","0","0","1"
"244","115 SV 2","444.46250","444.46250","A-Analog","High","12.5K","Off","Off","ITALIA","Group Call","222","IZ7XXX","Off","Carrier","Off","1","1","1","Off","1","1","Emerg. 1","None","On","Off","Off","Off","Normal Encryption","Off","Off","Off","Off","251.1","0","Off","On","Off","Off","Off","Off","1","0.00000","Off","0","0","0","0","0","0","0","0","0","0","0","1"
"245","AL-Casale","145.68750","145.08750","A-Analog","High","12.5K","127.3","127.3","ITALIA","Group Call","222","IZ7XXX","Off","Carrier","Off","1","1","1","Off","1","1","Analog","None","Off","Off","Off","Off","Normal Encryption","Off","Off","Off","Off","131.8","1","Off","On","Off","Off","Off","Off","1","0.00000","Off","0","0","0","0","0","0","0","0","0","0","0","1"
"246","AL-IR1ZZZ-Bric","145.75000","145.15000","A-Analog","High","12.5K","127.3","127.3","ITALIA","Group Call","222","IZ7XXX","Off","Carrier","Off","1","1","1","Off","1","1","Analog","None","Off","Off","Off","Off","Normal Encryption","Off","Off","Off","Off","131.8","1","Off","On","Off","Off","Off","Off","1","0.00000","Off","0","0","0","0","0","0","0","0","0","0","0","1"
"247","AL-Fracconalto","145.76250","145.16250","A-Analog","High","12.5K","162.2","162.2","ITALIA","Group Call","222","IZ7XXX","Off","Carrier","Off","1","1","1","Off","1","1","Analog","None","Off","Off","Off","Off","Normal Encryption","Off","Off","Off","Off","131.8","1","Off","On","Off","Off","Off","Off","1","0.00000","Off","0","0","0","0","0","0","0","0","0","0","0","1"
"248","AL-IR1ZXO-Novi","145.77500","145.17500","A-Analog","High","12.5K","82.5","82.5","ITALIA","Group Call","222","IZ7XXX","Off","Carrier","Off","1","1","1","Off","1","1","Analog","None","Off","Off","Off","Off","Normal Encryption","Off","Off","Off","Off","131.8","1","Off","On","Off","Off","Off","Off","1","0.00000","Off","0","0","0","0","0","0","0","0","0","0","0","1"
"249","AL-Acqui","430.22500","431.82500","A-Analog","High","12.5K","94.8","94.8","ITALIA","Group Call","222","IZ7XXX","Off","Carrier","Off","1","1","1","Off","1","1","Analog","None","Off","Off","Off","Off","Normal Encryption","Off","Off","Off","Off","131.8","1","Off","On","Off","Off","Off","Off","1","0.00000","Off","0","0","0","0","0","0","0","0","0","0","0","1"
"250","AL-IR1ZWG-Giarol","430.23750","431.83750","A-Analog","High","12.5K","123.0","123.0","ITALIA","Group Call","222","IZ7XXX","Off","Carrier","Off","1","1","1","Off","1","1","Analog","None","Off","Off","Off","Off","Normal Encryption","Off","Off","Off","Off","131.8","1","Off","On","Off","Off","Off","Off","1","0.00000","Off","0","0","0","0","0","0","0","0","0","0","0","1"
"251","AL-Belforte","430.36250","431.96250","A-Analog","High","12.5K","82.5","82.5","ITALIA","Group Call","222","IZ7XXX","Off","Carrier","Off","1","1","1","Off","1","1","Analog","None","Off","Off","Off","Off","Normal Encryption","Off","Off","Off","Off","131.8","1","Off","On","Off","Off","Off","Off","1","0.00000","Off","0","0","0","0","0","0","0","0","0","0","0","1"
"252","AL-IR1UIY-Giarol","430.76250","435.76250","A-Analog","High","12.5K","82.5","82.5","ITALIA","Group Call","222","IZ7XXX","Off","Carrier","Off","1","1","1","Off","1","1","Analog","None","Off","Off","Off","Off","Normal Encryption","Off","Off","Off","Off","131.8","1","Off","On","Off","Off","Off","Off","1","0.00000","Off","0","0","0","0","0","0","0","0","0","0","0","1"
"253","AL-IR1ZWB-M.Giar","431.31250","432.91250","A-Analog","High","12.5K","127.3","127.3","ITALIA","Group Call","222","IZ7XXX","Off","Carrier","Off","1","1","1","Off","1","1","Analog","None","Off","Off","Off","Off","Normal Encryption","Off","Off","Off","Off","131.8","1","Off","On","Off","Off","Off","Off","1","0.00000","Off","0","0","0","0","0","0","0","0","0","0","0","1"
"254","AL-Coniolo","431.46250","433.06250","A-Analog","High","12.5K","82.5","82.5","ITALIA","Group Call","222","IZ7XXX","Off","Carrier","Off","1","1","1","Off","1","1","Analog","None","Off","Off","Off","Off","Normal Encryption","Off","Off","Off","Off","131.8","1","Off","On","Off","Off","Off","Off","1","0.00000","Off","0","0","0","0","0","0","0","0","0","0","0","1"
"255","AL-IR1ZWG-M","431.47500","433.07500","A-Analog","High","12.5K","127.3","127.3","ITALIA","Group Call","222","IZ7XXX","Off","Carrier","Off","1","1","1","Off","1","1","Analog","None","Off","Off","Off","Off","Normal Encryption","Off","Off","Off","Off","131.8","1","Off","On","Off","Off","Off","Off","1","0.00000","Off","0","0","0","0","0","0","0","0","0","0","0","1"
"256","AL-IZ1MLJ-Lussit","431.56250","433.16250","A-Analog","High","12.5K","82.5","82.5","ITALIA","Group Call","222","IZ7XXX","Off","Carrier","Off","1","1","1","Off","1","1","Analog","None","Off","Off","Off","Off","Normal Encryption","Off","Off","Off","Off","131.8","1","Off","On","Off","Off","Off","Off","1","0.00000","Off","0","0","0","0","0","0","0","0","0","0","0","1"
"257","AT-Asti","145.63750","145.03750","A-Analog","High","12.5K","88.5","88.5","ITALIA","Group Call","222","IZ7XXX","Off","Carrier","Off","1","1","1","Off","1","1","Analog","None","Off","Off","Off","Off","Normal Encryption","Off","Off","Off","Off","131.8","1","Off","On","Off","Off","Off","Off","1","0.00000","Off","0","0","0","0","0","0","0","0","0","0","0","1"
"258","AT-IR1ZWN-Roccav","145.66250","145.06250","A-Analog","High","12.5K","127.3","127.3","ITALIA","Group Call","222","IZ7XXX","Off","Carrier","Off","1","1","1","Off","1","1","None","None","Off","Off","Off","Off","Normal Encryption","Off","Off","Off","Off","131.8","1","Off","On","Off","Off","Off","Off","1","0.00000","Off","0","0","0","0","0","0","0","0","0","0","0","1"
"259","AT-IR1J-M.Dagno-","145.71250","145.11250","A-Analog","High","12.5K","82.5","82.5","ITALIA","Group Call","222","IZ7XXX","Off","Carrier","Off","1","1","1","Off","1","1","None","None","Off","Off","Off","Off","Normal Encryption","Off","Off","Off","Off","131.8","1","Off","On","Off","Off","Off","Off","1","0.00000","Off","0","0","0","0","0","0","0","0","0","0","0","1"
"260","AT-IR1ZXV-Costig","145.73750","145.13750","A-Analog","High","12.5K","82.5","82.5","ITALIA","Group Call","222","IZ7XXX","Off","Carrier","Off","1","1","1","Off","1","1","None","None","Off","Off","Off","Off","Normal Encryption","Off","Off","Off","Off","131.8","1","Off","On","Off","Off","Off","Off","1","0.00000","Off","0","0","0","0","0","0","0","0","0","0","0","1"
"261","AT-IR1ZZI-Mongar","430.12500","431.72500","A-Analog","High","12.5K","127.3","127.3","ITALIA","Group Call","222","IZ7XXX","Off","Carrier","Off","1","1","1","Off","1","1","None","None","Off","Off","Off","Off","Normal Encryption","Off","Off","Off","Off","131.8","1","Off","On","Off","Off","Off","Off","1","0.00000","Off","0","0","0","0","0","0","0","0","0","0","0","1"
"262","AT-IR1ZZI-Coccon","430.33750","431.93750","A-Analog","High","12.5K","127.3","127.3","ITALIA","Group Call","222","IZ7XXX","Off","Carrier","Off","1","1","1","Off","1","1","None","None","Off","Off","Off","Off","Normal Encryption","Off","Off","Off","Off","131.8","1","Off","On","Off","Off","Off","Off","1","0.00000","Off","0","0","0","0","0","0","0","0","0","0","0","1"
"263","GE-IR1ZZA-Sestri","145.61250","145.01250","A-Analog","High","12.5K","110.9","110.9","ITALIA","Group Call","222","IZ7XXX","Off","Carrier","Off","1","1","1","Off","1","1","None","None","Off","Off","Off","Off","Normal Encryption","Off","Off","Off","Off","131.8","1","Off","On","Off","Off","Off","Off","1","0.00000","Off","0","0","0","0","0","0","0","0","0","0","0","1"
"264","GE-IR1W-M.Figogn","145.70000","145.10000","A-Analog","High","12.5K","110.9","110.9","ITALIA","Group Call","222","IZ7XXX","Off","Carrier","Off","1","1","1","Off","1","1","None","None","Off","Off","Off","Off","Normal Encryption","Off","Off","Off","Off","131.8","1","Off","On","Off","Off","Off","Off","1","0.00000","Off","0","0","0","0","0","0","0","0","0","0","0","1"
"265","GE-IR1T-M.Fasce","145.72500","145.12500","A-Analog","High","12.5K","110.9","110.9","ITALIA","Group Call","222","IZ7XXX","Off","Carrier","Off","1","1","1","Off","1","1","None","None","Off","Off","Off","Off","Normal Encryption","Off","Off","Off","Off","131.8","1","Off","On","Off","Off","Off","Off","1","0.00000","Off","0","0","0","0","0","0","0","0","0","0","0","1"
"266","GE-IR1ED-Rapallo","145.75000","145.15000","A-Analog","High","12.5K","110.9","110.9","ITALIA","Group Call","222","IZ7XXX","Off","Carrier","Off","1","1","1","Off","1","1","None","None","Off","Off","Off","Off","Normal Encryption","Off","Off","Off","Off","131.8","1","Off","On","Off","Off","Off","Off","1","0.00000","Off","0","0","0","0","0","0","0","0","0","0","0","1"
"267","GE-IR1UR-Rapallo","430.10000","431.70000","A-Analog","High","12.5K","110.9","110.9","ITALIA","Group Call","222","IZ7XXX","Off","Carrier","Off","1","1","1","Off","1","1","None","None","Off","Off","Off","Off","Normal Encryption","Off","Off","Off","Off","131.8","1","Off","On","Off","Off","Off","Off","1","0.00000","Off","0","0","0","0","0","0","0","0","0","0","0","1"
"268","GE-IR1UT-M.Fasce","430.12500","431.72500","A-Analog","High","12.5K","110.9","110.9","ITALIA","Group Call","222","IZ7XXX","Off","Carrier","Off","1","1","1","Off","1","1","None","None","Off","Off","Off","Off","Normal Encryption","Off","Off","Off","Off","131.8","1","Off","On","Off","Off","Off","Off","1","0.00000","Off","0","0","0","0","0","0","0","0","0","0","0","1"
"269","GE-IR1UF-M.Figog","430.15000","431.75000","A-Analog","High","12.5K","110.9","110.9","ITALIA","Group Call","222","IZ7XXX","Off","Carrier","Off","1","1","1","Off","1","1","None","None","Off","Off","Off","Off","Normal Encryption","Off","Off","Off","Off","131.8","1","Off","On","Off","Off","Off","Off","1","0.00000","Off","0","0","0","0","0","0","0","0","0","0","0","1"
"270","GE-IR1ZZP-Monegl","430.16250","431.76250","A-Analog","High","12.5K","110.9","110.9","ITALIA","Group Call","222","IZ7XXX","Off","Carrier","Off","1","1","1","Off","1","1","None","None","Off","Off","Off","Off","Normal Encryption","Off","Off","Off","Off","131.8","1","Off","On","Off","Off","Off","Off","1","0.00000","Off","0","0","0","0","0","0","0","0","0","0","0","1"
"271","GE-IU1KTF-Sant'O","430.27500","431.87500","A-Analog","High","12.5K","110.9","110.9","ITALIA","Group Call","222","IZ7XXX","Off","Carrier","Off","1","1","1","Off","1","1","None","None","Off","Off","Off","Off","Normal Encryption","Off","Off","Off","Off","131.8","1","Off","On","Off","Off","Off","Off","1","0.00000","Off","0","0","0","0","0","0","0","0","0","0","0","1"
"272","GE-IR1UBZ-M.Porc","430.57500","435.57500","A-Analog","High","12.5K","110.9","110.9","ITALIA","Group Call","222","IZ7XXX","Off","Carrier","Off","1","1","1","Off","1","1","None","None","Off","Off","Off","Off","Normal Encryption","Off","Off","Off","Off","131.8","1","Off","On","Off","Off","Off","Off","1","0.00000","Off","0","0","0","0","0","0","0","0","0","0","0","1"
"273","GE-IR1ZYD-Monte","430.73750","435.73750","A-Analog","High","12.5K","110.9","110.9","ITALIA","Group Call","222","IZ7XXX","Off","Carrier","Off","1","1","1","Off","1","1","None","None","Off","Off","Off","Off","Normal Encryption","Off","Off","Off","Off","131.8","1","Off","On","Off","Off","Off","Off","1","0.00000","Off","0","0","0","0","0","0","0","0","0","0","0","1"
"274","GE-IR1UAW-Ruta","430.91250","435.91250","A-Analog","High","12.5K","110.9","110.9","ITALIA","Group Call","222","IZ7XXX","Off","Carrier","Off","1","1","1","Off","1","1","None","None","Off","Off","Off","Off","Normal Encryption","Off","Off","Off","Off","131.8","1","Off","On","Off","Off","Off","Off","1","0.00000","Off","0","0","0","0","0","0","0","0","0","0","0","1"
"275","GE-IR1ZXU-M.Tele","431.22500","432.82500","A-Analog","High","12.5K","110.9","110.9","ITALIA","Group Call","222","IZ7XXX","Off","Carrier","Off","1","1","1","Off","1","1","None","None","Off","Off","Off","Off","Normal Encryption","Off","Off","Off","Off","131.8","1","Off","On","Off","Off","Off","Off","1","0.00000","Off","0","0","0","0","0","0","0","0","0","0","0","1"
"276","GE-IR1ZXM-M.Fasc","431.23750","432.83750","A-Analog","High","12.5K","110.9","110.9","ITALIA","Group Call","222","IZ7XXX","Off","Carrier","Off","1","1","1","Off","1","1","None","None","Off","Off","Off","Off","Normal Encryption","Off","Off","Off","Off","131.8","1","Off","On","Off","Off","Off","Off","1","0.00000","Off","0","0","0","0","0","0","0","0","0","0","0","1"
"277","GE-IR1ZXT-M.Tele","431.25000","432.85000","A-Analog","High","12.5K","110.9","110.9","ITALIA","Group Call","222","IZ7XXX","Off","Carrier","Off","1","1","1","Off","1","1","None","None","Off","Off","Off","Off","Normal Encryption","Off","Off","Off","Off","131.8","1","Off","On","Off","Off","Off","Off","1","0.00000","Off","0","0","0","0","0","0","0","0","0","0","0","1"
"278","SV-Cosseria","145.63750","145.03750","A-Analog","High","12.5K","110.9","110.9","ITALIA","Group Call","222","IZ7XXX","Off","Carrier","Off","1","1","1","Off","1","1","None","None","Off","Off","Off","Off","Normal Encryption","Off","Off","Off","Off","131.8","1","Off","On","Off","Off","Off","Off","1","0.00000","Off","0","0","0","0","0","0","0","0","0","0","0","1"
"279","SV-IR1ZWJ-San Gi","145.65000","145.05000","A-Analog","High","12.5K","74.4","74.4","ITALIA","Group Call","222","IZ7XXX","Off","Carrier","Off","1","1","1","Off","1","1","None","None","Off","Off","Off","Off","Normal Encryption","Off","Off","Off","Off","131.8","1","Off","On","Off","Off","Off","Off","1","0.00000","Off","0","0","0","0","0","0","0","0","0","0","0","1"
"280","SV-Bardineto","145.66250","145.06250","A-Analog","High","12.5K","110.9","110.9","ITALIA","Group Call","222","IZ7XXX","Off","Carrier","Off","1","1","1","Off","1","1","None","None","Off","Off","Off","Off","Normal Encryption","Off","Off","Off","Off","131.8","1","Off","On","Off","Off","Off","Off","1","0.00000","Off","0","0","0","0","0","0","0","0","0","0","0","1"
"281","SV-IR1X-M.Beigua","145.67500","145.07500","A-Analog","High","12.5K","Off","Off","ITALIA","Group Call","222","IZ7XXX","Off","Carrier","Off","1","1","1","Off","1","1","None","None","Off","Off","Off","Off","Normal Encryption","Off","Off","Off","Off","131.8","1","Off","On","Off","Off","Off","Off","1","0.00000","Off","0","0","0","0","0","0","0","0","0","0","0","1"
"282","SV-IR1UGS-Pizzo","145.73750","145.13750","A-Analog","High","12.5K","162.2","162.2","ITALIA","Group Call","222","IZ7XXX","Off","Carrier","Off","1","1","1","Off","1","1","None","None","Off","Off","Off","Off","Normal Encryption","Off","Off","Off","Off","131.8","1","Off","On","Off","Off","Off","Off","1","0.00000","Off","0","0","0","0","0","0","0","0","0","0","0","1"
"283","SV-M.Tirasso","145.76250","145.16250","A-Analog","High","12.5K","110.9","110.9","ITALIA","Group Call","222","IZ7XXX","Off","Carrier","Off","1","1","1","Off","1","1","None","None","Off","Off","Off","Off","Normal Encryption","Off","Off","Off","Off","131.8","1","Off","On","Off","Off","Off","Off","1","0.00000","Off","0","0","0","0","0","0","0","0","0","0","0","1"
"284","SV-IR1V-Bergeggi","145.77500","145.17500","A-Analog","High","12.5K","162.2","162.2","ITALIA","Group Call","222","IZ7XXX","Off","Carrier","Off","1","1","1","Off","1","1","None","None","Off","Off","Off","Off","Normal Encryption","Off","Off","Off","Off","131.8","1","Off","On","Off","Off","Off","Off","1","0.00000","Off","0","0","0","0","0","0","0","0","0","0","0","1"
"285","SV-Finale","145.78750","145.18750","A-Analog","High","12.5K","110.9","110.9","ITALIA","Group Call","222","IZ7XXX","Off","Carrier","Off","1","1","1","Off","1","1","None","None","Off","Off","Off","Off","Normal Encryption","Off","Off","Off","Off","131.8","1","Off","On","Off","Off","Off","Off","1","0.00000","Off","0","0","0","0","0","0","0","0","0","0","0","1"
"286","SV-M.Beigua","430.03750","435.03750","A-Analog","High","12.5K","110.9","110.9","ITALIA","Group Call","222","IZ7XXX","Off","Carrier","Off","1","1","1","Off","1","1","None","None","Off","Off","Off","Off","Normal Encryption","Off","Off","Off","Off","131.8","1","Off","On","Off","Off","Off","Off","1","0.00000","Off","0","0","0","0","0","0","0","0","0","0","0","1"
"287","SV-Spotorno","430.07500","431.67500","A-Analog","High","12.5K","110.9","110.9","ITALIA","Group Call","222","IZ7XXX","Off","Carrier","Off","1","1","1","Off","1","1","None","None","Off","Off","Off","Off","Normal Encryption","Off","Off","Off","Off","131.8","1","Off","On","Off","Off","Off","Off","1","0.00000","Off","0","0","0","0","0","0","0","0","0","0","0","1"
"288","SV-IR1ZWI-Murial","430.13750","431.73750","A-Analog","High","12.5K","110.9","110.9","ITALIA","Group Call","222","IZ7XXX","Off","Carrier","Off","1","1","1","Off","1","1","None","None","Off","Off","Off","Off","Normal Encryption","Off","Off","Off","Off","131.8","1","Off","On","Off","Off","Off","Off","1","0.00000","Off","0","0","0","0","0","0","0","0","0","0","0","1"
"289","SV-IR1UV-Finale","430.18750","431.78750","A-Analog","High","12.5K","162.2","162.2","ITALIA","Group Call","222","IZ7XXX","Off","Carrier","Off","1","1","1","Off","1","1","None","None","Off","Off","Off","Off","Normal Encryption","Off","Off","Off","Off","131.8","1","Off","On","Off","Off","Off","Off","1","0.00000","Off","0","0","0","0","0","0","0","0","0","0","0","1"
"290","SV-Albenga","430.47500","435.47500","A-Analog","High","12.5K","110.9","110.9","ITALIA","Group Call","222","IZ7XXX","Off","Carrier","Off","1","1","1","Off","1","1","None","None","Off","Off","Off","Off","Normal Encryption","Off","Off","Off","Off","131.8","1","Off","On","Off","Off","Off","Off","1","0.00000","Off","0","0","0","0","0","0","0","0","0","0","0","1"
"291","SV-IQ1LA-Loano","431.31250","432.91250","A-Analog","High","12.5K","162.2","162.2","ITALIA","Group Call","222","IZ7XXX","Off","Carrier","Off","1","1","1","Off","1","1","None","None","Off","Off","Off","Off","Normal Encryption","Off","Off","Off","Off","131.8","1","Off","On","Off","Off","Off","Off","1","0.00000","Off","0","0","0","0","0","0","0","0","0","0","0","1"
"292","IK1HJT Arquata","430.30000","437.90000","D-Digital","High","12.5K","Off","Off","ITALIA","Group Call","222","IZ7XXX","Always","Carrier","Off","1","1","1","Off","1","1","Digi Scan 1","None","Off","Off","Off","Off","Normal Encryption","Off","Off","Off","Off","251.1","0","Off","On","Off","Off","Off","Off","1","0.00000","Off","0","0","0","0","0","0","0","0","0","0","0","1"
"293","OS4 4000","433.75000","433.75000","D-Digital","Low","12.5K","Off","Off","ITALIA","Group Call","222","IZ7XXX","Always","Carrier","Off","1","1","1","Off","1","1","None","None","Off","Off","Off","Off","Normal Encryption","Off","Off","Off","Off","131.8","1","Off","On","Off","Off","Off","Off","1","0.00000","Off","0","0","0","0","0","0","0","0","0","0","0","1"
"294","OS4 WORLDWIDE","433.75000","433.75000","D-Digital","Low","12.5K","Off","Off","ITALIA","Group Call","222","IZ7XXX","Always","Carrier","Off","1","1","1","Off","1","1","None","None","Off","Off","Off","Off","Normal Encryption","Off","Off","Off","Off","131.8","1","Off","On","Off","Off","Off","Off","1","0.00000","Off","0","0","0","0","0","0","0","0","0","0","0","1"
"295","OS4 EUROPE","433.75000","433.75000","D-Digital","Low","12.5K","Off","Off","ITALIA","Group Call","222","IZ7XXX","Always","Carrier","Off","1","1","1","Off","1","1","None","None","Off","Off","Off","Off","Normal Encryption","Off","Off","Off","Off","131.8","1","Off","On","Off","Off","Off","Off","1","0.00000","Off","0","0","0","0","0","0","0","0","0","0","0","1"
"296","OS4 ITALIA 222","433.75000","433.75000","D-Digital","Low","12.5K","Off","Off","ITALIA","Group Call","222","IZ7XXX","Always","Carrier","Off","1","1","1","Off","1","1","None","None","Off","Off","Off","Off","Normal Encryption","Off","Off","Off","Off","131.8","1","Off","On","Off","Off","Off","Off","1","0.00000","Off","0","0","0","0","0","0","0","0","0","0","0","1"
"297","OS4 Veneto","433.75000","433.75000","D-Digital","Low","12.5K","Off","Off","ITALIA","Group Call","222","IZ7XXX","Always","Carrier","Off","1","1","1","Off","1","1","None","None","Off","Off","Off","Off","Normal Encryption","Off","Off","Off","Off","131.8","1","Off","On","Off","Off","Off","Off","1","0.00000","Off","0","0","0","0","0","0","0","0","0","0","0","1"
"298","OS4 CLUSTER VR","433.75000","433.75000","D-Digital","Low","12.5K","Off","Off","ITALIA","Group Call","222","IZ7XXX","Always","Carrier","Off","1","1","1","Off","1","2","None","None","Off","Off","Off","Off","Normal Encryption","Off","Off","Off","Off","131.8","1","Off","On","Off","Off","Off","Off","1","0.00000","Off","0","0","0","0","0","0","0","0","0","0","0","1"
"299","OS4 ARI","433.75000","433.75000","D-Digital","Low","12.5K","Off","Off","ITALIA","Group Call","222","IZ7XXX","Always","Carrier","Off","1","1","1","Off","1","1","None","None","Off","Off","Off","Off","Normal Encryption","Off","Off","Off","Off","131.8","1","Off","On","Off","Off","Off","Off","1","0.00000","Off","0","0","0","0","0","0","0","0","0","0","0","1"
"300","OS4 Hungary 216","433.75000","433.75000","D-Digital","Low","12.5K","Off","Off","ITALIA","Group Call","222","IZ7XXX","Always","Carrier","Off","1","1","1","Off","1","1","None","None","Off","Off","Off","Off","Normal Encryption","Off","Off","Off","Off","131.8","1","Off","On","Off","Off","Off","Off","1","0.00000","Off","0","0","0","0","0","0","0","0","0","0","0","1"
"301","OS4 Sverige 240","433.75000","433.75000","D-Digital","Low","12.5K","Off","Off","ITALIA","Group Call","222","IZ7XXX","Always","Carrier","Off","1","1","1","Off","1","1","None","None","Off","Off","Off","Off","Normal Encryption","Off","Off","Off","Off","131.8","1","Off","On","Off","Off","Off","Off","1","0.00000","Off","0","0","0","0","0","0","0","0","0","0","0","1"
"302","OS4 Finland 244","433.75000","433.75000","D-Digital","Low","12.5K","Off","Off","ITALIA","Group Call","222","IZ7XXX","Always","Carrier","Off","1","1","1","Off","1","1","None","None","Off","Off","Off","Off","Normal Encryption","Off","Off","Off","Off","131.8","1","Off","On","Off","Off","Off","Off","1","0.00000","Off","0","0","0","0","0","0","0","0","0","0","0","1"
"303","OS4 Spain 214","433.75000","433.75000","D-Digital","Low","12.5K","Off","Off","ITALIA","Group Call","222","IZ7XXX","Always","Carrier","Off","1","1","1","Off","1","1","None","None","Off","Off","Off","Off","Normal Encryption","Off","Off","Off","Off","131.8","1","Off","On","Off","Off","Off","Off","1","0.00000","Off","0","0","0","0","0","0","0","0","0","0","0","1"
"304","OS4 Deutschland","433.75000","433.75000","D-Digital","Low","12.5K","Off","Off","ITALIA","Group Call","222","IZ7XXX","Always","Carrier","Off","1","1","1","Off","1","1","None","None","Off","Off","Off","Off","Normal Encryption","Off","Off","Off","Off","131.8","1","Off","On","Off","Off","Off","Off","1","0.00000","Off","0","0","0","0","0","0","0","0","0","0","0","1"
"305","OS4 Bayern","433.75000","433.75000","D-Digital","Low","12.5K","Off","Off","ITALIA","Group Call","222","IZ7XXX","Always","Carrier","Off","1","1","1","Off","1","1","None","None","Off","Off","Off","Off","Normal Encryption","Off","Off","Off","Off","131.8","1","Off","On","Off","Off","Off","Off","1","0.00000","Off","0","0","0","0","0","0","0","0","0","0","0","1"
"306","OS4 Australia","433.75000","433.75000","D-Digital","Low","12.5K","Off","Off","ITALIA","Group Call","222","IZ7XXX","Always","Carrier","Off","1","1","1","Off","1","1","None","None","Off","Off","Off","Off","Normal Encryption","Off","Off","Off","Off","131.8","1","Off","On","Off","Off","Off","Off","1","0.00000","Off","0","0","0","0","0","0","0","0","0","0","0","1"
"307","OS4 Brazil 724","433.75000","433.75000","D-Digital","Low","12.5K","Off","Off","ITALIA","Group Call","222","IZ7XXX","Always","Carrier","Off","1","1","1","Off","1","1","None","None","Off","Off","Off","Off","Normal Encryption","Off","Off","Off","Off","131.8","1","Off","On","Off","Off","Off","Off","1","0.00000","Off","0","0","0","0","0","0","0","0","0","0","0","1"
"308","OS4 Canada 302","433.75000","433.75000","D-Digital","Low","12.5K","Off","Off","ITALIA","Group Call","222","IZ7XXX","Always","Carrier","Off","1","1","1","Off","1","1","None","None","Off","Off","Off","Off","Normal Encryption","Off","Off","Off","Off","131.8","1","Off","On","Off","Off","Off","Off","1","0.00000","Off","0","0","0","0","0","0","0","0","0","0","0","1"
"309","OS4 NorthAmerica","433.75000","433.75000","D-Digital","Low","12.5K","Off","Off","ITALIA","Group Call","222","IZ7XXX","Always","Carrier","Off","1","1","1","Off","1","1","None","None","Off","Off","Off","Off","Normal Encryption","Off","Off","Off","Off","131.8","1","Off","On","Off","Off","Off","Off","1","0.00000","Off","0","0","0","0","0","0","0","0","0","0","0","1"
"310","OS4 California","433.75000","433.75000","D-Digital","Low","12.5K","Off","Off","ITALIA","Group Call","222","IZ7XXX","Always","Carrier","Off","1","1","1","Off","1","1","None","None","Off","Off","Off","Off","Normal Encryption","Off","Off","Off","Off","131.8","1","Off","On","Off","Off","Off","Off","1","0.00000","Off","0","0","0","0","0","0","0","0","0","0","0","1"
"311","OS4 Lombardia","433.75000","433.75000","D-Digital","Low","12.5K","Off","Off","ITALIA","Group Call","222","IZ7XXX","Always","Carrier","Off","1","1","1","Off","1","1","None","None","Off","Off","Off","Off","Normal Encryption","Off","Off","Off","Off","131.8","1","Off","On","Off","Off","Off","Off","1","0.00000","Off","0","0","0","0","0","0","0","0","0","0","0","1"
"312","PS2 4000","434.80000","431.80000","D-Digital","Low","12.5K","Off","Off","ITALIA","Group Call","222","IZ7XXX","Always","Carrier","Off","1","1","1","Off","1","1","None","None","Off","Off","Off","Off","Normal Encryption","Off","Off","Off","Off","131.8","1","Off","Off","Off","Off","Off","Off","1","0.00000","Off","0","1","0","0","0","0","0","0","0","0","0","1"
"313","PS2 WORLDWIDE","434.80000","431.80000","D-Digital","Low","12.5K","Off","Off","ITALIA","Group Call","222","IZ7XXX","Always","Carrier","Off","1","1","1","Off","1","1","None","None","Off","Off","Off","Off","Normal Encryption","Off","Off","Off","Off","131.8","1","Off","Off","Off","Off","Off","Off","1","0.00000","Off","0","1","0","0","0","0","0","0","0","0","0","1"
"314","PS2 EUROPE","434.80000","431.80000","D-Digital","Low","12.5K","Off","Off","ITALIA","Group Call","222","IZ7XXX","Always","Carrier","Off","1","1","1","Off","1","1","None","None","Off","Off","Off","Off","Normal Encryption","Off","Off","Off","Off","131.8","1","Off","Off","Off","Off","Off","Off","1","0.00000","Off","0","1","0","0","0","0","0","0","0","0","0","1"
"315","PS2 ITALIA 222","434.80000","431.80000","D-Digital","Low","12.5K","Off","Off","ITALIA","Group Call","222","IZ7XXX","Always","Carrier","Off","1","1","1","Off","1","1","None","None","Off","Off","Off","Off","Normal Encryption","Off","Off","Off","Off","131.8","1","Off","Off","Off","Off","Off","Off","1","0.00000","Off","0","1","0","0","0","0","0","0","0","0","0","1"
"316","PS2 Veneto","434.80000","431.80000","D-Digital","Low","12.5K","Off","Off","ITALIA","Group Call","222","IZ7XXX","Always","Carrier","Off","1","1","1","Off","1","1","None","None","Off","Off","Off","Off","Normal Encryption","Off","Off","Off","Off","131.8","1","Off","Off","Off","Off","Off","Off","1","0.00000","Off","0","1","0","0","0","0","0","0","0","0","0","1"
"317","PS2 CLUSTER VR","434.80000","431.80000","D-Digital","Low","12.5K","Off","Off","ITALIA","Group Call","222","IZ7XXX","Always","Carrier","Off","1","1","1","Off","1","2","None","None","Off","Off","Off","Off","Normal Encryption","Off","Off","Off","Off","131.8","1","Off","Off","Off","Off","Off","Off","1","0.00000","Off","0","1","0","0","0","0","0","0","0","0","0","1"
"318","PS2 ARI","434.80000","431.80000","D-Digital","Low","12.5K","Off","Off","ITALIA","Group Call","222","IZ7XXX","Always","Carrier","Off","1","1","1","Off","1","1","None","None","Off","Off","Off","Off","Normal Encryption","Off","Off","Off","Off","131.8","1","Off","Off","Off","Off","Off","Off","1","0.00000","Off","0","1","0","0","0","0","0","0","0","0","0","1"
"319","PS2 Hungary 216","434.80000","431.80000","D-Digital","Low","12.5K","Off","Off","ITALIA","Group Call","222","IZ7XXX","Always","Carrier","Off","1","1","1","Off","1","1","None","None","Off","Off","Off","Off","Normal Encryption","Off","Off","Off","Off","131.8","1","Off","Off","Off","Off","Off","Off","1","0.00000","Off","0","1","0","0","0","0","0","0","0","0","0","1"
"320","PS2 Sverige 240","434.80000","431.80000","D-Digital","Low","12.5K","Off","Off","ITALIA","Group Call","222","IZ7XXX","Always","Carrier","Off","1","1","1","Off","1","1","None","None","Off","Off","Off","Off","Normal Encryption","Off","Off","Off","Off","131.8","1","Off","Off","Off","Off","Off","Off","1","0.00000","Off","0","1","0","0","0","0","0","0","0","0","0","1"
"321","PS2 Finland 244","434.80000","431.80000","D-Digital","Low","12.5K","Off","Off","ITALIA","Group Call","222","IZ7XXX","Always","Carrier","Off","1","1","1","Off","1","1","None","None","Off","Off","Off","Off","Normal Encryption","Off","Off","Off","Off","131.8","1","Off","Off","Off","Off","Off","Off","1","0.00000","Off","0","1","0","0","0","0","0","0","0","0","0","1"
"322","PS2 Spain 214","434.80000","431.80000","D-Digital","Low","12.5K","Off","Off","ITALIA","Group Call","222","IZ7XXX","Always","Carrier","Off","1","1","1","Off","1","1","None","None","Off","Off","Off","Off","Normal Encryption","Off","Off","Off","Off","131.8","1","Off","Off","Off","Off","Off","Off","1","0.00000","Off","0","1","0","0","0","0","0","0","0","0","0","1"
"323","PS2 Deutschland","434.80000","431.80000","D-Digital","Low","12.5K","Off","Off","ITALIA","Group Call","222","IZ7XXX","Always","Carrier","Off","1","1","1","Off","1","1","None","None","Off","Off","Off","Off","Normal Encryption","Off","Off","Off","Off","131.8","1","Off","Off","Off","Off","Off","Off","1","0.00000","Off","0","1","0","0","0","0","0","0","0","0","0","1"
"324","PS2 Bayern","434.80000","431.80000","D-Digital","Low","12.5K","Off","Off","ITALIA","Group Call","222","IZ7XXX","Always","Carrier","Off","1","1","1","Off","1","1","None","None","Off","Off","Off","Off","Normal Encryption","Off","Off","Off","Off","131.8","1","Off","Off","Off","Off","Off","Off","1","0.00000","Off","0","1","0","0","0","0","0","0","0","0","0","1"
"325","PS2 Australia","434.80000","431.80000","D-Digital","Low","12.5K","Off","Off","ITALIA","Group Call","222","IZ7XXX","Always","Carrier","Off","1","1","1","Off","1","1","None","None","Off","Off","Off","Off","Normal Encryption","Off","Off","Off","Off","131.8","1","Off","Off","Off","Off","Off","Off","1","0.00000","Off","0","1","0","0","0","0","0","0","0","0","0","1"
"326","PS2 Brazil 724","434.80000","431.80000","D-Digital","Low","12.5K","Off","Off","ITALIA","Group Call","222","IZ7XXX","Always","Carrier","Off","1","1","1","Off","1","1","None","None","Off","Off","Off","Off","Normal Encryption","Off","Off","Off","Off","131.8","1","Off","Off","Off","Off","Off","Off","1","0.00000","Off","0","1","0","0","0","0","0","0","0","0","0","1"
"327","PS2 Canada 302","434.80000","431.80000","D-Digital","Low","12.5K","Off","Off","ITALIA","Group Call","222","IZ7XXX","Always","Carrier","Off","1","1","1","Off","1","1","None","None","Off","Off","Off","Off","Normal Encryption","Off","Off","Off","Off","131.8","1","Off","Off","Off","Off","Off","Off","1","0.00000","Off","0","1","0","0","0","0","0","0","0","0","0","1"
"328","PS2 NorthAmerica","434.80000","431.80000","D-Digital","Low","12.5K","Off","Off","ITALIA","Group Call","222","IZ7XXX","Always","Carrier","Off","1","1","1","Off","1","1","None","None","Off","Off","Off","Off","Normal Encryption","Off","Off","Off","Off","131.8","1","Off","Off","Off","Off","Off","Off","1","0.00000","Off","0","1","0","0","0","0","0","0","0","0","0","1"
"329","PS2 California","434.80000","431.80000","D-Digital","Low","12.5K","Off","Off","ITALIA","Group Call","222","IZ7XXX","Always","Carrier","Off","1","1","1","Off","1","1","None","None","Off","Off","Off","Off","Normal Encryption","Off","Off","Off","Off","131.8","1","Off","Off","Off","Off","Off","Off","1","0.00000","Off","0","1","0","0","0","0","0","0","0","0","0","1"
"330","PS2 Lombardia","434.80000","431.80000","D-Digital","Low","12.5K","Off","Off","ITALIA","Group Call","222","IZ7XXX","Always","Carrier","Off","1","1","1","Off","1","1","None","None","Off","Off","Off","Off","Normal Encryption","Off","Off","Off","Off","131.8","1","Off","Off","Off","Off","Off","Off","1","0.00000","Off","0","1","0","0","0","0","0","0","0","0","0","1"
"331","IR3ZYQ 4000","431.50000","433.10000","D-Digital","Low","12.5K","Off","Off","ITALIA","Group Call","222","IZ7XXX","Always","Carrier","Off","1","1","1","Off","1","2","None","None","Off","Off","Off","Off","Normal Encryption","Off","Off","Off","Off","131.8","1","Off","Off","Off","Off","Off","Off","1","0.00000","Off","0","1","0","0","0","0","0","0","0","0","0","1"
"332","IR3ZYQ WORLDWI","431.50000","433.10000","D-Digital","Low","12.5K","Off","Off","ITALIA","Group Call","222","IZ7XXX","Always","Carrier","Off","1","1","1","Off","1","2","None","None","Off","Off","Off","Off","Normal Encryption","Off","Off","Off","Off","131.8","1","Off","Off","Off","Off","Off","Off","1","0.00000","Off","0","1","0","0","0","0","0","0","0","0","0","1"
"333","IR3ZYQ EUROPE","431.50000","433.10000","D-Digital","Low","12.5K","Off","Off","ITALIA","Group Call","222","IZ7XXX","Always","Carrier","Off","1","1","1","Off","1","2","None","None","Off","Off","Off","Off","Normal Encryption","Off","Off","Off","Off","131.8","1","Off","Off","Off","Off","Off","Off","1","0.00000","Off","0","1","0","0","0","0","0","0","0","0","0","1"
"334","IR3ZYQ ITALIA","431.50000","433.10000","D-Digital","Low","12.5K","Off","Off","ITALIA","Group Call","222","IZ7XXX","Always","Carrier","Off","1","1","1","Off","1","2","None","None","Off","Off","Off","Off","Normal Encryption","Off","Off","Off","Off","131.8","1","Off","Off","Off","Off","Off","Off","1","0.00000","Off","0","1","0","0","0","0","0","0","0","0","0","1"
"335","IR3ZYQ Veneto","431.50000","433.10000","D-Digital","Low","12.5K","Off","Off","ITALIA","Group Call","222","IZ7XXX","Always","Carrier","Off","1","1","1","Off","1","2","None","None","Off","Off","Off","Off","Normal Encryption","Off","Off","Off","Off","131.8","1","Off","Off","Off","Off","Off","Off","1","0.00000","Off","0","1","0","0","0","0","0","0","0","0","0","1"
"336","IR3ZYQ CLUSTER","431.50000","433.10000","D-Digital","Low","12.5K","Off","Off","ITALIA","Group Call","222","IZ7XXX","Always","Carrier","Off","1","1","1","Off","1","2","None","None","Off","Off","Off","Off","Normal Encryption","Off","Off","Off","Off","131.8","1","Off","Off","Off","Off","Off","Off","1","0.00000","Off","0","1","0","0","0","0","0","0","0","0","0","1"
"337","IR3ZYQ TG9","431.50000","433.10000","D-Digital","Low","12.5K","Off","Off","ITALIA","Group Call","222","IZ7XXX","Always","Carrier","Off","1","1","1","Off","1","2","None","None","Off","Off","Off","Off","Normal Encryption","Off","Off","Off","Off","131.8","1","Off","Off","Off","Off","Off","Off","1","0.00000","Off","0","1","0","0","0","0","0","0","0","0","0","1"
"338","IR3ZYQ ARI","431.50000","433.10000","D-Digital","Low","12.5K","Off","Off","ITALIA","Group Call","222","IZ7XXX","Always","Carrier","Off","1","1","1","Off","1","2","None","None","Off","Off","Off","Off","Normal Encryption","Off","Off","Off","Off","131.8","1","Off","Off","Off","Off","Off","Off","1","0.00000","Off","0","1","0","0","0","0","0","0","0","0","0","1"
"339","IR3ZYQ Hungary","431.50000","433.10000","D-Digital","Low","12.5K","Off","Off","ITALIA","Group Call","222","IZ7XXX","Always","Carrier","Off","1","1","1","Off","1","2","None","None","Off","Off","Off","Off","Normal Encryption","Off","Off","Off","Off","131.8","1","Off","Off","Off","Off","Off","Off","1","0.00000","Off","0","1","0","0","0","0","0","0","0","0","0","1"
"340","IR3ZYQ Sverige","431.50000","433.10000","D-Digital","Low","12.5K","Off","Off","ITALIA","Group Call","222","IZ7XXX","Always","Carrier","Off","1","1","1","Off","1","2","None","None","Off","Off","Off","Off","Normal Encryption","Off","Off","Off","Off","131.8","1","Off","Off","Off","Off","Off","Off","1","0.00000","Off","0","1","0","0","0","0","0","0","0","0","0","1"
"341","IR3ZYQ Finland","431.50000","433.10000","D-Digital","Low","12.5K","Off","Off","ITALIA","Group Call","222","IZ7XXX","Always","Carrier","Off","1","1","1","Off","1","2","None","None","Off","Off","Off","Off","Normal Encryption","Off","Off","Off","Off","131.8","1","Off","Off","Off","Off","Off","Off","1","0.00000","Off","0","1","0","0","0","0","0","0","0","0","0","1"
"342","IR3ZYQ Spain 2","431.50000","433.10000","D-Digital","Low","12.5K","Off","Off","ITALIA","Group Call","222","IZ7XXX","Always","Carrier","Off","1","1","1","Off","1","2","None","None","Off","Off","Off","Off","Normal Encryption","Off","Off","Off","Off","131.8","1","Off","Off","Off","Off","Off","Off","1","0.00000","Off","0","1","0","0","0","0","0","0","0","0","0","1"
"343","IR3ZYQ Deutsch","431.50000","433.10000","D-Digital","Low","12.5K","Off","Off","ITALIA","Group Call","222","IZ7XXX","Always","Carrier","Off","1","1","1","Off","1","2","None","None","Off","Off","Off","Off","Normal Encryption","Off","Off","Off","Off","131.8","1","Off","Off","Off","Off","Off","Off","1","0.00000","Off","0","1","0","0","0","0","0","0","0","0","0","1"
"344","IR3ZYQ Bayern","431.50000","433.10000","D-Digital","Low","12.5K","Off","Off","ITALIA","Group Call","222","IZ7XXX","Always","Carrier","Off","1","1","1","Off","1","2","None","None","Off","Off","Off","Off","Normal Encryption","Off","Off","Off","Off","131.8","1","Off","Off","Off","Off","Off","Off","1","0.00000","Off","0","1","0","0","0","0","0","0","0","0","0","1"
"345","IR3ZYQ Austral","431.50000","433.10000","D-Digital","Low","12.5K","Off","Off","ITALIA","Group Call","222","IZ7XXX","Always","Carrier","Off","1","1","1","Off","1","2","None","None","Off","Off","Off","Off","Normal Encryption","Off","Off","Off","Off","131.8","1","Off","Off","Off","Off","Off","Off","1","0.00000","Off","0","1","0","0","0","0","0","0","0","0","0","1"
"346","IR3ZYQ Brazil","431.50000","433.10000","D-Digital","Low","12.5K","Off","Off","ITALIA","Group Call","222","IZ7XXX","Always","Carrier","Off","1","1","1","Off","1","2","None","None","Off","Off","Off","Off","Normal Encryption","Off","Off","Off","Off","131.8","1","Off","Off","Off","Off","Off","Off","1","0.00000","Off","0","1","0","0","0","0","0","0","0","0","0","1"
"347","IR3ZYQ Canada","431.50000","433.10000","D-Digital","Low","12.5K","Off","Off","ITALIA","Group Call","222","IZ7XXX","Always","Carrier","Off","1","1","1","Off","1","2","None","None","Off","Off","Off","Off","Normal Encryption","Off","Off","Off","Off","131.8","1","Off","Off","Off","Off","Off","Off","1","0.00000","Off","0","1","0","0","0","0","0","0","0","0","0","1"
"348","IR3ZYQ NorthAm","431.50000","433.10000","D-Digital","Low","12.5K","Off","Off","ITALIA","Group Call","222","IZ7XXX","Always","Carrier","Off","1","1","1","Off","1","2","None","None","Off","Off","Off","Off","Normal Encryption","Off","Off","Off","Off","131.8","1","Off","Off","Off","Off","Off","Off","1","0.00000","Off","0","1","0","0","0","0","0","0","0","0","0","1"
"349","IR3ZYQ Califor","431.50000","433.10000","D-Digital","Low","12.5K","Off","Off","ITALIA","Group Call","222","IZ7XXX","Always","Carrier","Off","1","1","1","Off","1","2","None","None","Off","Off","Off","Off","Normal Encryption","Off","Off","Off","Off","131.8","1","Off","Off","Off","Off","Off","Off","1","0.00000","Off","0","1","0","0","0","0","0","0","0","0","0","1"
"350","IR3ZYQ Lombardia","431.50000","433.10000","D-Digital","Low","12.5K","Off","Off","ITALIA","Group Call","222","IZ7XXX","Always","Carrier","Off","1","1","1","Off","1","1","None","None","Off","Off","Off","Off","Normal Encryption","Off","Off","Off","Off","131.8","1","Off","Off","Off","Off","Off","Off","1","0.00000","Off","0","1","0","0","0","0","0","0","0","0","0","1"
"351","IR3ZWR 4000","431.56250","433.16250","D-Digital","Low","12.5K","Off","Off","ITALIA","Group Call","222","IZ7XXX","Always","Carrier","Off","1","1","1","Off","15","2","None","None","Off","Off","Off","Off","Normal Encryption","Off","Off","Off","Off","131.8","1","Off","Off","Off","Off","Off","Off","1","0.00000","Off","0","1","0","0","0","0","0","0","0","0","0","1"
"352","IR3ZWR WORLDWID","431.56250","433.16250","D-Digital","Low","12.5K","Off","Off","ITALIA","Group Call","222","IZ7XXX","Always","Carrier","Off","1","1","1","Off","15","2","None","None","Off","Off","Off","Off","Normal Encryption","Off","Off","Off","Off","131.8","1","Off","Off","Off","Off","Off","Off","1","0.00000","Off","0","1","0","0","0","0","0","0","0","0","0","1"
"353","IR3ZWR EUROPE","431.56250","433.16250","D-Digital","Low","12.5K","Off","Off","ITALIA","Group Call","222","IZ7XXX","Always","Carrier","Off","1","1","1","Off","15","2","None","None","Off","Off","Off","Off","Normal Encryption","Off","Off","Off","Off","131.8","1","Off","Off","Off","Off","Off","Off","1","0.00000","Off","0","1","0","0","0","0","0","0","0","0","0","1"
"354","IR3ZWR ITALIA 2","431.56250","433.16250","D-Digital","Low","12.5K","Off","Off","ITALIA","Group Call","222","IZ7XXX","Always","Carrier","Off","1","1","1","Off","15","2","None","None","Off","Off","Off","Off","Normal Encryption","Off","Off","Off","Off","131.8","1","Off","Off","Off","Off","Off","Off","1","0.00000","Off","0","1","0","0","0","0","0","0","0","0","0","1"
"355","IR3ZWR Veneto","431.56250","433.16250","D-Digital","Low","12.5K","Off","Off","ITALIA","Group Call","222","IZ7XXX","Always","Carrier","Off","1","1","1","Off","15","2","None","None","Off","Off","Off","Off","Normal Encryption","Off","Off","Off","Off","131.8","1","Off","Off","Off","Off","Off","Off","1","0.00000","Off","0","1","0","0","0","0","0","0","0","0","0","1"
"356","IR3ZWR CLUSTER","431.56250","433.16250","D-Digital","Low","12.5K","Off","Off","ITALIA","Group Call","222","IZ7XXX","Always","Carrier","Off","1","1","1","Off","15","2","None","None","Off","Off","Off","Off","Normal Encryption","Off","Off","Off","Off","131.8","1","Off","Off","Off","Off","Off","Off","1","0.00000","Off","0","1","0","0","0","0","0","0","0","0","0","1"
"357","IR3ZWR TG9","431.56250","433.16250","D-Digital","Low","12.5K","Off","Off","ITALIA","Group Call","222","IZ7XXX","Always","Carrier","Off","1","1","1","Off","15","2","None","None","Off","Off","Off","Off","Normal Encryption","Off","Off","Off","Off","131.8","1","Off","Off","Off","Off","Off","Off","1","0.00000","Off","0","1","0","0","0","0","0","0","0","0","0","1"
"358","IR3ZWR ARI","431.56250","433.16250","D-Digital","Low","12.5K","Off","Off","ITALIA","Group Call","222","IZ7XXX","Always","Carrier","Off","1","1","1","Off","15","2","None","None","Off","Off","Off","Off","Normal Encryption","Off","Off","Off","Off","131.8","1","Off","Off","Off","Off","Off","Off","1","0.00000","Off","0","1","0","0","0","0","0","0","0","0","0","1"
"359","IR3ZWR Hungary","431.56250","433.16250","D-Digital","Low","12.5K","Off","Off","ITALIA","Group Call","222","IZ7XXX","Always","Carrier","Off","1","1","1","Off","15","2","None","None","Off","Off","Off","Off","Normal Encryption","Off","Off","Off","Off","131.8","1","Off","Off","Off","Off","Off","Off","1","0.00000","Off","0","1","0","0","0","0","0","0","0","0","0","1"
"360","IR3ZWR Sverige","431.56250","433.16250","D-Digital","Low","12.5K","Off","Off","ITALIA","Group Call","222","IZ7XXX","Always","Carrier","Off","1","1","1","Off","15","2","None","None","Off","Off","Off","Off","Normal Encryption","Off","Off","Off","Off","131.8","1","Off","Off","Off","Off","Off","Off","1","0.00000","Off","0","1","0","0","0","0","0","0","0","0","0","1"
"361","IR3ZWR Finland","431.56250","433.16250","D-Digital","Low","12.5K","Off","Off","ITALIA","Group Call","222","IZ7XXX","Always","Carrier","Off","1","1","1","Off","15","2","None","None","Off","Off","Off","Off","Normal Encryption","Off","Off","Off","Off","131.8","1","Off","Off","Off","Off","Off","Off","1","0.00000","Off","0","1","0","0","0","0","0","0","0","0","0","1"
"362","IR3ZWR Spain 21","431.56250","433.16250","D-Digital","Low","12.5K","Off","Off","ITALIA","Group Call","222","IZ7XXX","Always","Carrier","Off","1","1","1","Off","15","2","None","None","Off","Off","Off","Off","Normal Encryption","Off","Off","Off","Off","131.8","1","Off","Off","Off","Off","Off","Off","1","0.00000","Off","0","1","0","0","0","0","0","0","0","0","0","1"
"363","IR3ZWR Deutschl","431.56250","433.16250","D-Digital","Low","12.5K","Off","Off","ITALIA","Group Call","222","IZ7XXX","Always","Carrier","Off","1","1","1","Off","15","2","None","None","Off","Off","Off","Off","Normal Encryption","Off","Off","Off","Off","131.8","1","Off","Off","Off","Off","Off","Off","1","0.00000","Off","0","1","0","0","0","0","0","0","0","0","0","1"
"364","IR3ZWR Bayern","431.56250","433.16250","D-Digital","Low","12.5K","Off","Off","ITALIA","Group Call","222","IZ7XXX","Always","Carrier","Off","1","1","1","Off","15","2","None","None","Off","Off","Off","Off","Normal Encryption","Off","Off","Off","Off","131.8","1","Off","Off","Off","Off","Off","Off","1","0.00000","Off","0","1","0","0","0","0","0","0","0","0","0","1"
"365","IR3ZWR Australi","431.56250","433.16250","D-Digital","Low","12.5K","Off","Off","ITALIA","Group Call","222","IZ7XXX","Always","Carrier","Off","1","1","1","Off","15","2","None","None","Off","Off","Off","Off","Normal Encryption","Off","Off","Off","Off","131.8","1","Off","Off","Off","Off","Off","Off","1","0.00000","Off","0","1","0","0","0","0","0","0","0","0","0","1"
"366","IR3ZWR Brazil 7","431.56250","433.16250","D-Digital","Low","12.5K","Off","Off","ITALIA","Group Call","222","IZ7XXX","Always","Carrier","Off","1","1","1","Off","15","2","None","None","Off","Off","Off","Off","Normal Encryption","Off","Off","Off","Off","131.8","1","Off","Off","Off","Off","Off","Off","1","0.00000","Off","0","1","0","0","0","0","0","0","0","0","0","1"
"367","IR3ZWR Canada 3","431.56250","433.16250","D-Digital","Low","12.5K","Off","Off","ITALIA","Group Call","222","IZ7XXX","Always","Carrier","Off","1","1","1","Off","15","2","None","None","Off","Off","Off","Off","Normal Encryption","Off","Off","Off","Off","131.8","1","Off","Off","Off","Off","Off","Off","1","0.00000","Off","0","1","0","0","0","0","0","0","0","0","0","1"
"368","IR3ZWR NorthAme","431.56250","433.16250","D-Digital","Low","12.5K","Off","Off","ITALIA","Group Call","222","IZ7XXX","Always","Carrier","Off","1","1","1","Off","15","2","None","None","Off","Off","Off","Off","Normal Encryption","Off","Off","Off","Off","131.8","1","Off","Off","Off","Off","Off","Off","1","0.00000","Off","0","1","0","0","0","0","0","0","0","0","0","1"
"369","IR3ZWR Californ","431.56250","433.16250","D-Digital","Low","12.5K","Off","Off","ITALIA","Group Call","222","IZ7XXX","Always","Carrier","Off","1","1","1","Off","15","2","None","None","Off","Off","Off","Off","Normal Encryption","Off","Off","Off","Off","131.8","1","Off","Off","Off","Off","Off","Off","1","0.00000","Off","0","1","0","0","0","0","0","0","0","0","0","1"
"370","IR3ZWR Lombardia","431.56250","433.16250","D-Digital","Low","12.5K","Off","Off","ITALIA","Group Call","222","IZ7XXX","Always","Carrier","Off","1","1","1","Off","1","1","None","None","Off","Off","Off","Off","Normal Encryption","Off","Off","Off","Off","131.8","1","Off","Off","Off","Off","Off","Off","1","0.00000","Off","0","1","0","0","0","0","0","0","0","0","0","1"
"371","Alberto DMR","430.95000","435.95000","D-Digital","High","12.5K","Off","Off","ITALIA","Group Call","222","IZ7XXX","Always","Carrier","Off","1","1","1","Off","12","1","None","None","Off","Off","Off","Off","Normal Encryption","Off","Off","Off","Off","131.8","1","Off","Off","Off","Off","Off","Off","1","0.00000","Off","0","1","0","0","0","0","0","0","0","0","0","12"
"372","IR3ZZB 4000","430.18750","431.78750","D-Digital","Low","12.5K","Off","Off","ITALIA","Group Call","222","IZ7XXX","Always","Carrier","Off","1","1","1","Off","12","2","None","None","Off","Off","Off","Off","Normal Encryption","Off","Off","Off","Off","131.8","1","Off","Off","Off","Off","Off","Off","1","0.00000","Off","0","1","0","0","0","0","0","0","0","0","0","1"
"373","IR3ZZB WORLDWID","430.18750","431.78750","D-Digital","Low","12.5K","Off","Off","ITALIA","Group Call","222","IZ7XXX","Always","Carrier","Off","1","1","1","Off","12","2","None","None","Off","Off","Off","Off","Normal Encryption","Off","Off","Off","Off","131.8","1","Off","Off","Off","Off","Off","Off","1","0.00000","Off","0","1","0","0","0","0","0","0","0","0","0","1"
"374","IR3ZZB EUROPE","430.18750","431.78750","D-Digital","Low","12.5K","Off","Off","ITALIA","Group Call","222","IZ7XXX","Always","Carrier","Off","1","1","1","Off","12","2","None","None","Off","Off","Off","Off","Normal Encryption","Off","Off","Off","Off","131.8","1","Off","Off","Off","Off","Off","Off","1","0.00000","Off","0","1","0","0","0","0","0","0","0","0","0","1"
"375","IR3ZZB ITALIA 2","430.18750","431.78750","D-Digital","Low","12.5K","Off","Off","ITALIA","Group Call","222","IZ7XXX","Always","Carrier","Off","1","1","1","Off","12","2","None","None","Off","Off","Off","Off","Normal Encryption","Off","Off","Off","Off","131.8","1","Off","Off","Off","Off","Off","Off","1","0.00000","Off","0","1","0","0","0","0","0","0","0","0","0","1"
"376","IR3ZZB Veneto","430.18750","431.78750","D-Digital","Low","12.5K","Off","Off","ITALIA","Group Call","222","IZ7XXX","Always","Carrier","Off","1","1","1","Off","12","2","None","None","Off","Off","Off","Off","Normal Encryption","Off","Off","Off","Off","131.8","1","Off","Off","Off","Off","Off","Off","1","0.00000","Off","0","1","0","0","0","0","0","0","0","0","0","1"
"377","IR3ZZB TG9","430.18750","431.78750","D-Digital","Low","12.5K","Off","Off","ITALIA","Group Call","222","IZ7XXX","Always","Carrier","Off","1","1","1","Off","12","2","None","None","Off","Off","Off","Off","Normal Encryption","Off","Off","Off","Off","131.8","1","Off","Off","Off","Off","Off","Off","1","0.00000","Off","0","1","0","0","0","0","0","0","0","0","0","1"
"378","IR3ZZB CLUSTER","430.18750","431.78750","D-Digital","Low","12.5K","Off","Off","ITALIA","Group Call","222","IZ7XXX","Always","Carrier","Off","1","1","1","Off","12","2","None","None","Off","Off","Off","Off","Normal Encryption","Off","Off","Off","Off","131.8","1","Off","Off","Off","Off","Off","Off","1","0.00000","Off","0","1","0","0","0","0","0","0","0","0","0","1"
"379","IR3ZZB ARI","430.18750","431.78750","D-Digital","Low","12.5K","Off","Off","ITALIA","Group Call","222","IZ7XXX","Always","Carrier","Off","1","1","1","Off","12","2","None","None","Off","Off","Off","Off","Normal Encryption","Off","Off","Off","Off","131.8","1","Off","Off","Off","Off","Off","Off","1","0.00000","Off","0","1","0","0","0","0","0","0","0","0","0","1"
"380","IR3ZZB Hungary","430.18750","431.78750","D-Digital","Low","12.5K","Off","Off","ITALIA","Group Call","222","IZ7XXX","Always","Carrier","Off","1","1","1","Off","12","2","None","None","Off","Off","Off","Off","Normal Encryption","Off","Off","Off","Off","131.8","1","Off","Off","Off","Off","Off","Off","1","0.00000","Off","0","1","0","0","0","0","0","0","0","0","0","1"
"381","IR3ZZB Sverige","430.18750","431.78750","D-Digital","Low","12.5K","Off","Off","ITALIA","Group Call","222","IZ7XXX","Always","Carrier","Off","1","1","1","Off","12","2","None","None","Off","Off","Off","Off","Normal Encryption","Off","Off","Off","Off","131.8","1","Off","Off","Off","Off","Off","Off","1","0.00000","Off","0","1","0","0","0","0","0","0","0","0","0","1"
"382","IR3ZZB Finland","430.18750","431.78750","D-Digital","Low","12.5K","Off","Off","ITALIA","Group Call","222","IZ7XXX","Always","Carrier","Off","1","1","1","Off","12","2","None","None","Off","Off","Off","Off","Normal Encryption","Off","Off","Off","Off","131.8","1","Off","Off","Off","Off","Off","Off","1","0.00000","Off","0","1","0","0","0","0","0","0","0","0","0","1"
"383","IR3ZZB Spain 21","430.18750","431.78750","D-Digital","Low","12.5K","Off","Off","ITALIA","Group Call","222","IZ7XXX","Always","Carrier","Off","1","1","1","Off","12","2","None","None","Off","Off","Off","Off","Normal Encryption","Off","Off","Off","Off","131.8","1","Off","Off","Off","Off","Off","Off","1","0.00000","Off","0","1","0","0","0","0","0","0","0","0","0","1"
"384","IR3ZZB Deutschl","430.18750","431.78750","D-Digital","Low","12.5K","Off","Off","ITALIA","Group Call","222","IZ7XXX","Always","Carrier","Off","1","1","1","Off","12","2","None","None","Off","Off","Off","Off","Normal Encryption","Off","Off","Off","Off","131.8","1","Off","Off","Off","Off","Off","Off","1","0.00000","Off","0","1","0","0","0","0","0","0","0","0","0","1"
"385","IR3ZZB Bayern","430.18750","431.78750","D-Digital","Low","12.5K","Off","Off","ITALIA","Group Call","222","IZ7XXX","Always","Carrier","Off","1","1","1","Off","12","2","None","None","Off","Off","Off","Off","Normal Encryption","Off","Off","Off","Off","131.8","1","Off","Off","Off","Off","Off","Off","1","0.00000","Off","0","1","0","0","0","0","0","0","0","0","0","1"
"386","IR3ZZB Australi","430.18750","431.78750","D-Digital","Low","12.5K","Off","Off","ITALIA","Group Call","222","IZ7XXX","Always","Carrier","Off","1","1","1","Off","12","2","None","None","Off","Off","Off","Off","Normal Encryption","Off","Off","Off","Off","131.8","1","Off","Off","Off","Off","Off","Off","1","0.00000","Off","0","1","0","0","0","0","0","0","0","0","0","1"
"387","IR3ZZB Brazil 7","430.18750","431.78750","D-Digital","Low","12.5K","Off","Off","ITALIA","Group Call","222","IZ7XXX","Always","Carrier","Off","1","1","1","Off","12","2","None","None","Off","Off","Off","Off","Normal Encryption","Off","Off","Off","Off","131.8","1","Off","Off","Off","Off","Off","Off","1","0.00000","Off","0","1","0","0","0","0","0","0","0","0","0","1"
"388","IR3ZZB Canada 3","430.18750","431.78750","D-Digital","Low","12.5K","Off","Off","ITALIA","Group Call","222","IZ7XXX","Always","Carrier","Off","1","1","1","Off","12","2","None","None","Off","Off","Off","Off","Normal Encryption","Off","Off","Off","Off","131.8","1","Off","Off","Off","Off","Off","Off","1","0.00000","Off","0","1","0","0","0","0","0","0","0","0","0","1"
"389","IR3ZZB NorthAme","430.18750","431.78750","D-Digital","Low","12.5K","Off","Off","ITALIA","Group Call","222","IZ7XXX","Always","Carrier","Off","1","1","1","Off","12","2","None","None","Off","Off","Off","Off","Normal Encryption","Off","Off","Off","Off","131.8","1","Off","Off","Off","Off","Off","Off","1","0.00000","Off","0","1","0","0","0","0","0","0","0","0","0","1"
"390","IR3ZZB Californ","430.18750","431.78750","D-Digital","Low","12.5K","Off","Off","ITALIA","Group Call","222","IZ7XXX","Always","Carrier","Off","1","1","1","Off","12","2","None","None","Off","Off","Off","Off","Normal Encryption","Off","Off","Off","Off","131.8","1","Off","Off","Off","Off","Off","Off","1","0.00000","Off","0","1","0","0","0","0","0","0","0","0","0","1"
"391","IR3ZZB Lombardia","430.18750","431.78750","D-Digital","Low","12.5K","Off","Off","ITALIA","Group Call","222","IZ7XXX","Always","Carrier","Off","1","1","1","Off","1","1","None","None","Off","Off","Off","Off","Normal Encryption","Off","Off","Off","Off","131.8","1","Off","Off","Off","Off","Off","Off","1","0.00000","Off","0","1","0","0","0","0","0","0","0","0","0","1"
"392","IQ3VO 4000","431.50000","433.10000","D-Digital","Low","12.5K","Off","Off","ITALIA","Group Call","222","IZ7XXX","Always","Carrier","Off","1","1","1","Off","1","2","None","None","Off","Off","Off","Off","Normal Encryption","Off","Off","Off","Off","131.8","1","Off","Off","Off","Off","Off","Off","1","0.00000","Off","0","1","0","0","0","0","0","0","0","0","0","1"
"393","IQ3VO WORLDWIDE","431.50000","433.10000","D-Digital","Low","12.5K","Off","Off","ITALIA","Group Call","222","IZ7XXX","Always","Carrier","Off","1","1","1","Off","1","2","None","None","Off","Off","Off","Off","Normal Encryption","Off","Off","Off","Off","131.8","1","Off","Off","Off","Off","Off","Off","1","0.00000","Off","0","1","0","0","0","0","0","0","0","0","0","1"
"394","IQ3VO EUROPE","431.50000","433.10000","D-Digital","Low","12.5K","Off","Off","ITALIA","Group Call","222","IZ7XXX","Always","Carrier","Off","1","1","1","Off","1","2","None","None","Off","Off","Off","Off","Normal Encryption","Off","Off","Off","Off","131.8","1","Off","Off","Off","Off","Off","Off","1","0.00000","Off","0","1","0","0","0","0","0","0","0","0","0","1"
"395","IQ3VO ITALIA 222","431.50000","433.10000","D-Digital","Low","12.5K","Off","Off","ITALIA","Group Call","222","IZ7XXX","Always","Carrier","Off","1","1","1","Off","1","2","None","None","Off","Off","Off","Off","Normal Encryption","Off","Off","Off","Off","131.8","1","Off","Off","Off","Off","Off","Off","1","0.00000","Off","0","1","0","0","0","0","0","0","0","0","0","1"
"396","IQ3VO Veneto","431.50000","433.10000","D-Digital","Low","12.5K","Off","Off","ITALIA","Group Call","222","IZ7XXX","Always","Carrier","Off","1","1","1","Off","1","2","None","None","Off","Off","Off","Off","Normal Encryption","Off","Off","Off","Off","131.8","1","Off","Off","Off","Off","Off","Off","1","0.00000","Off","0","1","0","0","0","0","0","0","0","0","0","1"
"397","IQ3VO CLUSTER VR","431.50000","433.10000","D-Digital","Low","12.5K","Off","Off","ITALIA","Group Call","222","IZ7XXX","Always","Carrier","Off","1","1","1","Off","1","2","None","None","Off","Off","Off","Off","Normal Encryption","Off","Off","Off","Off","131.8","1","Off","Off","Off","Off","Off","Off","1","0.00000","Off","0","1","0","0","0","0","0","0","0","0","0","1"
"398","IQ3VO TG9","431.50000","433.10000","D-Digital","Low","12.5K","Off","Off","ITALIA","Group Call","222","IZ7XXX","Always","Carrier","Off","1","1","1","Off","1","2","None","None","Off","Off","Off","Off","Normal Encryption","Off","Off","Off","Off","131.8","1","Off","Off","Off","Off","Off","Off","1","0.00000","Off","0","1","0","0","0","0","0","0","0","0","0","1"
"399","IQ3VO ARI","431.50000","433.10000","D-Digital","Low","12.5K","Off","Off","ITALIA","Group Call","222","IZ7XXX","Always","Carrier","Off","1","1","1","Off","1","2","None","None","Off","Off","Off","Off","Normal Encryption","Off","Off","Off","Off","131.8","1","Off","Off","Off","Off","Off","Off","1","0.00000","Off","0","1","0","0","0","0","0","0","0","0","0","1"
"400","IQ3VO Hungary 21","431.50000","433.10000","D-Digital","Low","12.5K","Off","Off","ITALIA","Group Call","222","IZ7XXX","Always","Carrier","Off","1","1","1","Off","1","2","None","None","Off","Off","Off","Off","Normal Encryption","Off","Off","Off","Off","131.8","1","Off","Off","Off","Off","Off","Off","1","0.00000","Off","0","1","0","0","0","0","0","0","0","0","0","1"
"401","IQ3VO Sverige 24","431.50000","433.10000","D-Digital","Low","12.5K","Off","Off","ITALIA","Group Call","222","IZ7XXX","Always","Carrier","Off","1","1","1","Off","1","2","None","None","Off","Off","Off","Off","Normal Encryption","Off","Off","Off","Off","131.8","1","Off","Off","Off","Off","Off","Off","1","0.00000","Off","0","1","0","0","0","0","0","0","0","0","0","1"
"402","IQ3VO Finland 24","431.50000","433.10000","D-Digital","Low","12.5K","Off","Off","ITALIA","Group Call","222","IZ7XXX","Always","Carrier","Off","1","1","1","Off","1","2","None","None","Off","Off","Off","Off","Normal Encryption","Off","Off","Off","Off","131.8","1","Off","Off","Off","Off","Off","Off","1","0.00000","Off","0","1","0","0","0","0","0","0","0","0","0","1"
"403","IQ3VO Spain 214","431.50000","433.10000","D-Digital","Low","12.5K","Off","Off","ITALIA","Group Call","222","IZ7XXX","Always","Carrier","Off","1","1","1","Off","1","2","None","None","Off","Off","Off","Off","Normal Encryption","Off","Off","Off","Off","131.8","1","Off","Off","Off","Off","Off","Off","1","0.00000","Off","0","1","0","0","0","0","0","0","0","0","0","1"
"404","IQ3VO Deutschlan","431.50000","433.10000","D-Digital","Low","12.5K","Off","Off","ITALIA","Group Call","222","IZ7XXX","Always","Carrier","Off","1","1","1","Off","1","2","None","None","Off","Off","Off","Off","Normal Encryption","Off","Off","Off","Off","131.8","1","Off","Off","Off","Off","Off","Off","1","0.00000","Off","0","1","0","0","0","0","0","0","0","0","0","1"
"405","IQ3VO Bayern","431.50000","433.10000","D-Digital","Low","12.5K","Off","Off","ITALIA","Group Call","222","IZ7XXX","Always","Carrier","Off","1","1","1","Off","1","2","None","None","Off","Off","Off","Off","Normal Encryption","Off","Off","Off","Off","131.8","1","Off","Off","Off","Off","Off","Off","1","0.00000","Off","0","1","0","0","0","0","0","0","0","0","0","1"
"406","IQ3VO Australia","431.50000","433.10000","D-Digital","Low","12.5K","Off","Off","ITALIA","Group Call","222","IZ7XXX","Always","Carrier","Off","1","1","1","Off","1","2","None","None","Off","Off","Off","Off","Normal Encryption","Off","Off","Off","Off","131.8","1","Off","Off","Off","Off","Off","Off","1","0.00000","Off","0","1","0","0","0","0","0","0","0","0","0","1"
"407","IQ3VO Brazil 724","431.50000","433.10000","D-Digital","Low","12.5K","Off","Off","ITALIA","Group Call","222","IZ7XXX","Always","Carrier","Off","1","1","1","Off","1","2","None","None","Off","Off","Off","Off","Normal Encryption","Off","Off","Off","Off","131.8","1","Off","Off","Off","Off","Off","Off","1","0.00000","Off","0","1","0","0","0","0","0","0","0","0","0","1"
"408","IQ3VO Canada 302","431.50000","433.10000","D-Digital","Low","12.5K","Off","Off","ITALIA","Group Call","222","IZ7XXX","Always","Carrier","Off","1","1","1","Off","1","2","None","None","Off","Off","Off","Off","Normal Encryption","Off","Off","Off","Off","131.8","1","Off","Off","Off","Off","Off","Off","1","0.00000","Off","0","1","0","0","0","0","0","0","0","0","0","1"
"409","IQ3VO NorthAmeri","431.50000","433.10000","D-Digital","Low","12.5K","Off","Off","ITALIA","Group Call","222","IZ7XXX","Always","Carrier","Off","1","1","1","Off","1","2","None","None","Off","Off","Off","Off","Normal Encryption","Off","Off","Off","Off","131.8","1","Off","Off","Off","Off","Off","Off","1","0.00000","Off","0","1","0","0","0","0","0","0","0","0","0","1"
"410","IQ3VO California","431.50000","433.10000","D-Digital","Low","12.5K","Off","Off","ITALIA","Group Call","222","IZ7XXX","Always","Carrier","Off","1","1","1","Off","1","2","None","None","Off","Off","Off","Off","Normal Encryption","Off","Off","Off","Off","131.8","1","Off","Off","Off","Off","Off","Off","1","0.00000","Off","0","1","0","0","0","0","0","0","0","0","0","1"
"411","IQ3VO Lombardia","431.50000","433.10000","D-Digital","Low","12.5K","Off","Off","ITALIA","Group Call","222","IZ7XXX","Always","Carrier","Off","1","1","1","Off","1","1","None","None","Off","Off","Off","Off","Normal Encryption","Off","Off","Off","Off","131.8","1","Off","Off","Off","Off","Off","Off","1","0.00000","Off","0","1","0","0","0","0","0","0","0","0","0","1"
"412","Diretta 310","145.31000","145.31000","A-Analog","Mid","12.5K","Off","Off","ITALIA","Group Call","222","IZ7XXX","Off","Carrier","Off","1","1","1","Off","1","1","None","None","Off","Off","Off","Off","Normal Encryption","Off","Off","Off","Off","131.8","1","Off","On","Off","Off","Off","Off","1","0.00000","Off","0","0","0","0","0","0","0","0","0","0","0","1"
"413","Diretta 312.5","145.31250","145.31250","A-Analog","Mid","12.5K","Off","Off","ITALIA","Group Call","222","IZ7XXX","Off","Carrier","Off","1","1","1","Off","1","1","None","None","Off","Off","Off","Off","Normal Encryption","Off","Off","Off","Off","131.8","1","Off","On","Off","Off","Off","Off","1","0.00000","Off","0","0","0","0","0","0","0","0","0","0","0","1"
"414","Diretta 500","145.50000","145.50000","A-Analog","Mid","12.5K","Off","Off","ITALIA","Group Call","222","IZ7XXX","Off","Carrier","Off","1","1","1","Off","1","1","None","None","Off","Off","Off","Off","Normal Encryption","Off","Off","Off","Off","131.8","1","Off","On","Off","Off","Off","Off","1","0.00000","Off","0","0","0","0","0","0","0","0","0","0","0","1"
"415","Diretta 525 PDD","145.52500","145.52500","A-Analog","Mid","12.5K","Off","Off","ITALIA","Group Call","222","IZ7XXX","Off","Carrier","Off","1","1","1","Off","1","1","None","None","Off","Off","Off","Off","Normal Encryption","Off","Off","Off","Off","131.8","1","Off","On","Off","Off","Off","Off","1","0.00000","Off","0","0","0","0","0","0","0","0","0","0","0","1"
"416","Diretta DMR TG99","433.45000","433.45000","D-Digital","Mid","12.5K","Off","Off","ITALIA","Group Call","222","IZ7XXX","Always","Carrier","Off","1","1","1","Off","1","1","None","None","Off","Off","Off","Off","Normal Encryption","Off","Off","Off","Off","131.8","1","Off","On","Off","Off","Off","Off","1","0.00000","Off","0","0","0","0","0","0","0","0","0","0","0","1"
"417","Diretta 01","432.37000","432.37000","D-Digital","Low","12.5K","Off","Off","ITALIA","Group Call","222","IZ7XXX","Always","Carrier","Off","1","1","1","Off","10","1","None","None","Off","Off","Off","Off","Normal Encryption","Off","Off","Off","Off","131.8","1","Off","On","Off","Off","Off","Off","1","0.00000","Off","0","0","0","0","0","0","0","0","0","0","0","1"
"418","Diretta 02","432.39000","432.39000","D-Digital","Low","12.5K","Off","Off","ITALIA","Group Call","222","IZ7XXX","Always","Carrier","Off","1","1","1","Off","10","1","None","None","Off","Off","Off","Off","Normal Encryption","Off","Off","Off","Off","131.8","1","Off","On","Off","Off","Off","Off","1","0.00000","Off","0","0","0","0","0","0","0","0","0","0","0","1"
"419","Diretta 03","432.38000","432.38000","D-Digital","Low","12.5K","Off","Off","ITALIA","Group Call","222","IZ7XXX","Always","Carrier","Off","1","1","1","Off","10","1","None","None","Off","Off","Off","Off","Normal Encryption","Off","Off","Off","Off","131.8","1","Off","On","Off","Off","Off","Off","1","0.00000","Off","0","0","0","0","0","0","0","0","0","0","0","1"
"420","Diretta 03 AES36","432.38000","432.38000","D-Digital","Low","12.5K","Off","Off","ITALIA","Group Call","222","IZ7XXX","Always","Carrier","Off","1","1","1","Off","10","1","None","None","Off","Off","Off","Off","Normal Encryption","1","Off","Off","Off","131.8","1","Off","On","Off","Off","Off","Off","1","0.00000","Off","0","0","0","0","0","0","0","0","0","0","0","1"
"421","Diretta 03 AES37","432.38000","432.38000","D-Digital","Low","12.5K","Off","Off","ITALIA","Group Call","222","IZ7XXX","Always","Carrier","Off","1","1","1","Off","10","1","None","None","Off","Off","Off","Off","Normal Encryption","2","Off","Off","Off","131.8","1","Off","On","Off","Off","Off","Off","1","0.00000","Off","0","0","0","0","0","0","0","0","0","0","0","1"
"422","Diretta 03 MULTI","432.38000","432.38000","D-Digital","Low","12.5K","Off","Off","ITALIA","Group Call","222","IZ7XXX","Always","Carrier","Off","1","1","1","Off","10","1","None","None","Off","Off","Off","Off","Normal Encryption","2","Off","Off","Off","131.8","1","Off","On","Off","Off","Off","Off","1","0.00000","Off","0","0","0","0","0","0","0","0","0","0","0","1"
"423","IR3ZYQ EMERGEN","431.50000","433.10000","D-Digital","Turbo","12.5K","Off","Off","ITALIA","Group Call","222","IZ7XXX","Always","Carrier","Off","1","1","1","Off","1","2","None","None","Off","Off","Off","Off","Normal Encryption","Off","Off","Off","Off","131.8","1","Off","Off","Off","Off","Off","Off","1","0.00000","Off","0","1","0","0","0","0","0","0","0","0","0","1"
"424","IR3ZWR EMERGEN","431.56250","433.16250","D-Digital","Turbo","12.5K","Off","Off","ITALIA","Group Call","222","IZ7XXX","Always","Carrier","Off","1","1","1","Off","15","2","None","None","Off","Off","Off","Off","Normal Encryption","Off","Off","Off","Off","131.8","1","Off","Off","Off","Off","Off","Off","1","0.00000","Off","0","1","0","0","0","0","0","0","0","0","0","1"
"425","IR3ZZB EMERGEN","430.18750","431.78750","D-Digital","Turbo","12.5K","Off","Off","ITALIA","Group Call","222","IZ7XXX","Always","Carrier","Off","1","1","1","Off","12","2","None","None","Off","Off","Off","Off","Normal Encryption","Off","Off","Off","Off","131.8","1","Off","Off","Off","Off","Off","Off","1","0.00000","Off","0","1","0","0","0","0","0","0","0","0","0","1"
"426","IQ3VO EMERGENZA","431.50000","433.10000","D-Digital","Turbo","12.5K","Off","Off","ITALIA","Group Call","222","IZ7XXX","Always","Carrier","Off","1","1","1","Off","1","2","None","None","Off","Off","Off","Off","Normal Encryption","Off","Off","Off","Off","131.8","1","Off","Off","Off","Off","Off","Off","1","0.00000","Off","0","1","0","0","0","0","0","0","0","0","0","1"
"427","PMR 9","446.10625","446.10625","A-Analog","High","12.5K","Off","Off","ITALIA","Group Call","222","IZ7XXX","Off","Carrier","Off","1","1","1","Off","1","1","PMR","None","Off","Off","Off","Off","Normal Encryption","Off","Off","Off","Off","2511.0","1","Off","On","Off","Off","Off","Off","1","0.00000","Off","0","0","0","0","0","0","0","0","0","0","0","1"
"428","PMR 10","446.11875","446.11875","A-Analog","High","12.5K","Off","Off","ITALIA","Group Call","222","IZ7XXX","Off","Carrier","Off","1","1","1","Off","1","1","PMR","None","Off","Off","Off","Off","Normal Encryption","Off","Off","Off","Off","2511.0","1","Off","On","Off","Off","Off","Off","1","0.00000","Off","0","0","0","0","0","0","0","0","0","0","0","1"
"429","PMR 11","446.13125","446.13125","A-Analog","High","12.5K","Off","Off","ITALIA","Group Call","222","IZ7XXX","Off","Carrier","Off","1","1","1","Off","1","1","PMR","None","Off","Off","Off","Off","Normal Encryption","Off","Off","Off","Off","2511.0","1","Off","On","Off","Off","Off","Off","1","0.00000","Off","0","0","0","0","0","0","0","0","0","0","0","1"
"430","PMR 12","446.14375","446.14375","A-Analog","High","12.5K","Off","Off","ITALIA","Group Call","222","IZ7XXX","Off","Carrier","Off","1","1","1","Off","1","1","PMR","None","Off","Off","Off","Off","Normal Encryption","Off","Off","Off","Off","2511.0","1","Off","On","Off","Off","Off","Off","1","0.00000","Off","0","0","0","0","0","0","0","0","0","0","0","1"
"431","PMR 13","446.15625","446.15625","A-Analog","High","12.5K","Off","Off","ITALIA","Group Call","222","IZ7XXX","Off","Carrier","Off","1","1","1","Off","1","1","PMR","None","Off","Off","Off","Off","Normal Encryption","Off","Off","Off","Off","2511.0","1","Off","On","Off","Off","Off","Off","1","0.00000","Off","0","0","0","0","0","0","0","0","0","0","0","1"
"432","PMR 14","446.16875","446.16875","A-Analog","High","12.5K","Off","Off","ITALIA","Group Call","222","IZ7XXX","Off","Carrier","Off","1","1","1","Off","1","1","PMR","None","Off","Off","Off","Off","Normal Encryption","Off","Off","Off","Off","2511.0","1","Off","On","Off","Off","Off","Off","1","0.00000","Off","0","0","0","0","0","0","0","0","0","0","0","1"
"433","PMR 15","446.18125","446.18125","A-Analog","High","12.5K","Off","Off","ITALIA","Group Call","222","IZ7XXX","Off","Carrier","Off","1","1","1","Off","1","1","PMR","None","Off","Off","Off","Off","Normal Encryption","Off","Off","Off","Off","2511.0","1","Off","On","Off","Off","Off","Off","1","0.00000","Off","0","0","0","0","0","0","0","0","0","0","0","1"
"434","PMR 16","446.19375","446.19375","A-Analog","High","12.5K","Off","Off","ITALIA","Group Call","222","IZ7XXX","Off","Carrier","Off","1","1","1","Off","1","1","PMR","None","Off","Off","Off","Off","Normal Encryption","Off","Off","Off","Off","2511.0","1","Off","On","Off","Off","Off","Off","1","0.00000","Off","0","0","0","0","0","0","0","0","0","0","0","1"
"435","Channel 1","440.00000","440.00000","D-Digital","High","12.5K","Off","Off","ITALIA","Group Call","222","IZ7XXX","Always","Carrier","Off","1","1","1","Off","1","1","None","None","Off","Off","Off","Off","Normal Encryption","Off","Off","Off","Off","251.1","0","Off","On","Off","Off","Off","Off","1","0.00000","Off","0","0","0","0","0","0","0","0","0","0","0","1"
"436","AL-IR1ZVJ-Worldw","430.28750","431.88750","D-Digital","High","12.5K","Off","Off","ITALIA","Group Call","222","IZ7XXX","Always","Carrier","Off","1","1","1","Off","1","1","None","None","Off","Off","Off","Off","Normal Encryption","Off","Off","Off","Off","131.8","1","Off","Off","Off","Off","Off","Off","1","0.00000","Off","0","1","0","0","0","0","0","0","0","0","0","1"
"437","AL-IR1ZVJ-Europe","430.28750","431.88750","D-Digital","High","12.5K","Off","Off","ITALIA","Group Call","222","IZ7XXX","Always","Carrier","Off","1","1","1","Off","1","1","None","None","Off","Off","Off","Off","Normal Encryption","Off","Off","Off","Off","131.8","1","Off","Off","Off","Off","Off","Off","1","0.00000","Off","0","1","0","0","0","0","0","0","0","0","0","1"
"438","AL-IR1ZVJ-Italia","430.28750","431.88750","D-Digital","High","12.5K","Off","Off","ITALIA","Group Call","222","IZ7XXX","Always","Carrier","Off","1","1","1","Off","1","1","None","None","Off","Off","Off","Off","Normal Encryption","Off","Off","Off","Off","131.8","1","Off","Off","Off","Off","Off","Off","1","0.00000","Off","0","1","0","0","0","0","0","0","0","0","0","1"
"439","AL-IR1ZVJ-Discon","430.28750","431.88750","D-Digital","High","12.5K","Off","Off","ITALIA","Group Call","222","IZ7XXX","Always","Carrier","Off","1","1","1","Off","1","1","None","None","Off","Off","Off","Off","Normal Encryption","Off","Off","Off","Off","131.8","1","Off","Off","Off","Off","Off","Off","1","0.00000","Off","0","1","0","0","0","0","0","0","0","0","0","1"
"440","AL-IR1ZVJ-Loca1","430.28750","431.88750","D-Digital","High","12.5K","Off","Off","ITALIA","Group Call","222","IZ7XXX","Always","Carrier","Off","1","1","1","Off","1","2","None","None","Off","Off","Off","Off","Normal Encryption","Off","Off","Off","Off","131.8","1","Off","Off","Off","Off","Off","Off","1","0.00000","Off","0","1","0","0","0","0","0","0","0","0","0","1"
"441","AL-IR1ZVJ-Cluste","430.28750","431.88750","D-Digital","High","12.5K","Off","Off","ITALIA","Group Call","222","IZ7XXX","Always","Carrier","Off","1","1","1","Off","1","2","None","None","Off","Off","Off","Off","Normal Encryption","Off","Off","Off","Off","131.8","1","Off","Off","Off","Off","Off","Off","1","0.00000","Off","0","1","0","0","0","0","0","0","0","0","0","1"
"442","AL-IR1ZVJ-Loca2","430.28750","431.88750","D-Digital","High","12.5K","Off","Off","ITALIA","Group Call","222","IZ7XXX","Always","Carrier","Off","1","1","1","Off","1","2","None","None","Off","Off","Off","Off","Normal Encryption","Off","Off","Off","Off","131.8","1","Off","Off","Off","Off","Off","Off","1","0.00000","Off","0","1","0","0","0","0","0","0","0","0","0","1"
"443","AL-IR1UGF-Worldw","431.22500","432.82500","D-Digital","High","12.5K","Off","Off","ITALIA","Group Call","222","IZ7XXX","Always","Carrier","Off","1","1","1","Off","1","1","None","None","Off","Off","Off","Off","Normal Encryption","Off","Off","Off","Off","131.8","1","Off","Off","Off","Off","Off","Off","1","0.00000","Off","0","1","0","0","0","0","0","0","0","0","0","1"
"444","AL-IR1UGF-Europe","431.22500","432.82500","D-Digital","High","12.5K","Off","Off","ITALIA","Group Call","222","IZ7XXX","Always","Carrier","Off","1","1","1","Off","1","1","None","None","Off","Off","Off","Off","Normal Encryption","Off","Off","Off","Off","131.8","1","Off","Off","Off","Off","Off","Off","1","0.00000","Off","0","1","0","0","0","0","0","0","0","0","0","1"
"445","AL-IR1UGF-Italia","431.22500","432.82500","D-Digital","High","12.5K","Off","Off","ITALIA","Group Call","222","IZ7XXX","Always","Carrier","Off","1","1","1","Off","1","1","None","None","Off","Off","Off","Off","Normal Encryption","Off","Off","Off","Off","131.8","1","Off","Off","Off","Off","Off","Off","1","0.00000","Off","0","1","0","0","0","0","0","0","0","0","0","1"
"446","AL-IR1UGF-Discon","431.22500","432.82500","D-Digital","High","12.5K","Off","Off","ITALIA","Group Call","222","IZ7XXX","Always","Carrier","Off","1","1","1","Off","1","1","None","None","Off","Off","Off","Off","Normal Encryption","Off","Off","Off","Off","131.8","1","Off","Off","Off","Off","Off","Off","1","0.00000","Off","0","1","0","0","0","0","0","0","0","0","0","1"
"447","AL-IR1UGF-Loca1","431.22500","432.82500","D-Digital","High","12.5K","Off","Off","ITALIA","Group Call","222","IZ7XXX","Always","Carrier","Off","1","1","1","Off","1","2","None","None","Off","Off","Off","Off","Normal Encryption","Off","Off","Off","Off","131.8","1","Off","Off","Off","Off","Off","Off","1","0.00000","Off","0","1","0","0","0","0","0","0","0","0","0","1"
"448","AL-IR1UGF-Cluste","431.22500","432.82500","D-Digital","High","12.5K","Off","Off","ITALIA","Group Call","222","IZ7XXX","Always","Carrier","Off","1","1","1","Off","1","2","None","None","Off","Off","Off","Off","Normal Encryption","Off","Off","Off","Off","131.8","1","Off","Off","Off","Off","Off","Off","1","0.00000","Off","0","1","0","0","0","0","0","0","0","0","0","1"
"449","AL-IR1UGF-Loca2","431.22500","432.82500","D-Digital","High","12.5K","Off","Off","ITALIA","Group Call","222","IZ7XXX","Always","Carrier","Off","1","1","1","Off","1","2","None","None","Off","Off","Off","Off","Normal Encryption","Off","Off","Off","Off","131.8","1","Off","Off","Off","Off","Off","Off","1","0.00000","Off","0","1","0","0","0","0","0","0","0","0","0","1"
"450","AL-IR1UIW-Worldw","431.28750","432.88750","D-Digital","High","12.5K","Off","Off","ITALIA","Group Call","222","IZ7XXX","Always","Carrier","Off","1","1","1","Off","1","1","None","None","Off","Off","Off","Off","Normal Encryption","Off","Off","Off","Off","131.8","1","Off","Off","Off","Off","Off","Off","1","0.00000","Off","0","1","0","0","0","0","0","0","0","0","0","1"
"451","AL-IR1UIW-Europe","431.28750","432.88750","D-Digital","High","12.5K","Off","Off","ITALIA","Group Call","222","IZ7XXX","Always","Carrier","Off","1","1","1","Off","1","1","None","None","Off","Off","Off","Off","Normal Encryption","Off","Off","Off","Off","131.8","1","Off","Off","Off","Off","Off","Off","1","0.00000","Off","0","1","0","0","0","0","0","0","0","0","0","1"
"452","AL-IR1UIW-Italia","431.28750","432.88750","D-Digital","High","12.5K","Off","Off","ITALIA","Group Call","222","IZ7XXX","Always","Carrier","Off","1","1","1","Off","1","1","None","None","Off","Off","Off","Off","Normal Encryption","Off","Off","Off","Off","131.8","1","Off","Off","Off","Off","Off","Off","1","0.00000","Off","0","1","0","0","0","0","0","0","0","0","0","1"
"453","AL-IR1UIW-Discon","431.28750","432.88750","D-Digital","High","12.5K","Off","Off","ITALIA","Group Call","222","IZ7XXX","Always","Carrier","Off","1","1","1","Off","1","1","None","None","Off","Off","Off","Off","Normal Encryption","Off","Off","Off","Off","131.8","1","Off","Off","Off","Off","Off","Off","1","0.00000","Off","0","1","0","0","0","0","0","0","0","0","0","1"
"454","AL-IR1UIW-Loca1","431.28750","432.88750","D-Digital","High","12.5K","Off","Off","ITALIA","Group Call","222","IZ7XXX","Always","Carrier","Off","1","1","1","Off","1","2","None","None","Off","Off","Off","Off","Normal Encryption","Off","Off","Off","Off","131.8","1","Off","Off","Off","Off","Off","Off","1","0.00000","Off","0","1","0","0","0","0","0","0","0","0","0","1"
"455","AL-IR1UIW-Cluste","431.28750","432.88750","D-Digital","High","12.5K","Off","Off","ITALIA","Group Call","222","IZ7XXX","Always","Carrier","Off","1","1","1","Off","1","2","None","None","Off","Off","Off","Off","Normal Encryption","Off","Off","Off","Off","131.8","1","Off","Off","Off","Off","Off","Off","1","0.00000","Off","0","1","0","0","0","0","0","0","0","0","0","1"
"456","AL-IR1UIW-Loca2","431.28750","432.88750","D-Digital","High","12.5K","Off","Off","ITALIA","Group Call","222","IZ7XXX","Always","Carrier","Off","1","1","1","Off","1","2","None","None","Off","Off","Off","Off","Normal Encryption","Off","Off","Off","Off","131.8","1","Off","Off","Off","Off","Off","Off","1","0.00000","Off","0","1","0","0","0","0","0","0","0","0","0","1"
"457","AL-IR1UIZ-Worldw","431.43750","433.03750","D-Digital","High","12.5K","Off","Off","ITALIA","Group Call","222","IZ7XXX","Always","Carrier","Off","1","1","1","Off","1","1","None","None","Off","Off","Off","Off","Normal Encryption","Off","Off","Off","Off","131.8","1","Off","Off","Off","Off","Off","Off","1","0.00000","Off","0","1","0","0","0","0","0","0","0","0","0","1"
"458","AL-IR1UIZ-Europe","431.43750","433.03750","D-Digital","High","12.5K","Off","Off","ITALIA","Group Call","222","IZ7XXX","Always","Carrier","Off","1","1","1","Off","1","1","None","None","Off","Off","Off","Off","Normal Encryption","Off","Off","Off","Off","131.8","1","Off","Off","Off","Off","Off","Off","1","0.00000","Off","0","1","0","0","0","0","0","0","0","0","0","1"
"459","AL-IR1UIZ-Italia","431.43750","433.03750","D-Digital","High","12.5K","Off","Off","ITALIA","Group Call","222","IZ7XXX","Always","Carrier","Off","1","1","1","Off","1","1","None","None","Off","Off","Off","Off","Normal Encryption","Off","Off","Off","Off","131.8","1","Off","Off","Off","Off","Off","Off","1","0.00000","Off","0","1","0","0","0","0","0","0","0","0","0","1"
"460","AL-IR1UIZ-Discon","431.43750","433.03750","D-Digital","High","12.5K","Off","Off","ITALIA","Group Call","222","IZ7XXX","Always","Carrier","Off","1","1","1","Off","1","1","None","None","Off","Off","Off","Off","Normal Encryption","Off","Off","Off","Off","131.8","1","Off","Off","Off","Off","Off","Off","1","0.00000","Off","0","1","0","0","0","0","0","0","0","0","0","1"
"461","AL-IR1UIZ-Loca1","431.43750","433.03750","D-Digital","High","12.5K","Off","Off","ITALIA","Group Call","222","IZ7XXX","Always","Carrier","Off","1","1","1","Off","1","2","None","None","Off","Off","Off","Off","Normal Encryption","Off","Off","Off","Off","131.8","1","Off","Off","Off","Off","Off","Off","1","0.00000","Off","0","1","0","0","0","0","0","0","0","0","0","1"
"462","AL-IR1UIZ-Cluste","431.43750","433.03750","D-Digital","High","12.5K","Off","Off","ITALIA","Group Call","222","IZ7XXX","Always","Carrier","Off","1","1","1","Off","1","2","None","None","Off","Off","Off","Off","Normal Encryption","Off","Off","Off","Off","131.8","1","Off","Off","Off","Off","Off","Off","1","0.00000","Off","0","1","0","0","0","0","0","0","0","0","0","1"
"463","AL-IR1UIZ-Loca2","431.43750","433.03750","D-Digital","High","12.5K","Off","Off","ITALIA","Group Call","222","IZ7XXX","Always","Carrier","Off","1","1","1","Off","1","2","None","None","Off","Off","Off","Off","Normal Encryption","Off","Off","Off","Off","131.8","1","Off","Off","Off","Off","Off","Off","1","0.00000","Off","0","1","0","0","0","0","0","0","0","0","0","1"
"464","AL-IR1UIV-Worldw","431.50000","433.10000","D-Digital","High","12.5K","Off","Off","ITALIA","Group Call","222","IZ7XXX","Always","Carrier","Off","1","1","1","Off","1","1","None","None","Off","Off","Off","Off","Normal Encryption","Off","Off","Off","Off","131.8","1","Off","Off","Off","Off","Off","Off","1","0.00000","Off","0","1","0","0","0","0","0","0","0","0","0","1"
"465","AL-IR1UIV-Europe","431.50000","433.10000","D-Digital","High","12.5K","Off","Off","ITALIA","Group Call","222","IZ7XXX","Always","Carrier","Off","1","1","1","Off","1","1","None","None","Off","Off","Off","Off","Normal Encryption","Off","Off","Off","Off","131.8","1","Off","Off","Off","Off","Off","Off","1","0.00000","Off","0","1","0","0","0","0","0","0","0","0","0","1"
"466","AL-IR1UIV-Italia","431.50000","433.10000","D-Digital","High","12.5K","Off","Off","ITALIA","Group Call","222","IZ7XXX","Always","Carrier","Off","1","1","1","Off","1","1","None","None","Off","Off","Off","Off","Normal Encryption","Off","Off","Off","Off","131.8","1","Off","Off","Off","Off","Off","Off","1","0.00000","Off","0","1","0","0","0","0","0","0","0","0","0","1"
"467","AL-IR1UIV-Discon","431.50000","433.10000","D-Digital","High","12.5K","Off","Off","ITALIA","Group Call","222","IZ7XXX","Always","Carrier","Off","1","1","1","Off","1","1","None","None","Off","Off","Off","Off","Normal Encryption","Off","Off","Off","Off","131.8","1","Off","Off","Off","Off","Off","Off","1","0.00000","Off","0","1","0","0","0","0","0","0","0","0","0","1"
"468","AL-IR1UIV-Loca1","431.50000","433.10000","D-Digital","High","12.5K","Off","Off","ITALIA","Group Call","222","IZ7XXX","Always","Carrier","Off","1","1","1","Off","1","2","None","None","Off","Off","Off","Off","Normal Encryption","Off","Off","Off","Off","131.8","1","Off","Off","Off","Off","Off","Off","1","0.00000","Off","0","1","0","0","0","0","0","0","0","0","0","1"
"469","AL-IR1UIV-Cluste","431.50000","433.10000","D-Digital","High","12.5K","Off","Off","ITALIA","Group Call","222","IZ7XXX","Always","Carrier","Off","1","1","1","Off","1","2","None","None","Off","Off","Off","Off","Normal Encryption","Off","Off","Off","Off","131.8","1","Off","Off","Off","Off","Off","Off","1","0.00000","Off","0","1","0","0","0","0","0","0","0","0","0","1"
"470","AL-IR1UIV-Loca2","431.50000","433.10000","D-Digital","High","12.5K","Off","Off","ITALIA","Group Call","222","IZ7XXX","Always","Carrier","Off","1","1","1","Off","1","2","None","None","Off","Off","Off","Off","Normal Encryption","Off","Off","Off","Off","131.8","1","Off","Off","Off","Off","Off","Off","1","0.00000","Off","0","1","0","0","0","0","0","0","0","0","0","1"
"471","AL-IR1ZZX-Worldw","431.52500","433.12500","D-Digital","High","12.5K","Off","Off","ITALIA","Group Call","222","IZ7XXX","Always","Carrier","Off","1","1","1","Off","1","1","None","None","Off","Off","Off","Off","Normal Encryption","Off","Off","Off","Off","131.8","1","Off","Off","Off","Off","Off","Off","1","0.00000","Off","0","1","0","0","0","0","0","0","0","0","0","1"
"472","AL-IR1ZZX-Europe","431.52500","433.12500","D-Digital","High","12.5K","Off","Off","ITALIA","Group Call","222","IZ7XXX","Always","Carrier","Off","1","1","1","Off","1","1","None","None","Off","Off","Off","Off","Normal Encryption","Off","Off","Off","Off","131.8","1","Off","Off","Off","Off","Off","Off","1","0.00000","Off","0","1","0","0","0","0","0","0","0","0","0","1"
"473","AL-IR1ZZX-Italia","431.52500","433.12500","D-Digital","High","12.5K","Off","Off","ITALIA","Group Call","222","IZ7XXX","Always","Carrier","Off","1","1","1","Off","1","1","None","None","Off","Off","Off","Off","Normal Encryption","Off","Off","Off","Off","131.8","1","Off","Off","Off","Off","Off","Off","1","0.00000","Off","0","1","0","0","0","0","0","0","0","0","0","1"
"474","AL-IR1ZZX-Discon","431.52500","433.12500","D-Digital","High","12.5K","Off","Off","ITALIA","Group Call","222","IZ7XXX","Always","Carrier","Off","1","1","1","Off","1","1","None","None","Off","Off","Off","Off","Normal Encryption","Off","Off","Off","Off","131.8","1","Off","Off","Off","Off","Off","Off","1","0.00000","Off","0","1","0","0","0","0","0","0","0","0","0","1"
"475","AL-IR1ZZX-Loca1","431.52500","433.12500","D-Digital","High","12.5K","Off","Off","ITALIA","Group Call","222","IZ7XXX","Always","Carrier","Off","1","1","1","Off","1","2","None","None","Off","Off","Off","Off","Normal Encryption","Off","Off","Off","Off","131.8","1","Off","Off","Off","Off","Off","Off","1","0.00000","Off","0","1","0","0","0","0","0","0","0","0","0","1"
"476","AL-IR1ZZX-Cluste","431.52500","433.12500","D-Digital","High","12.5K","Off","Off","ITALIA","Group Call","222","IZ7XXX","Always","Carrier","Off","1","1","1","Off","1","2","None","None","Off","Off","Off","Off","Normal Encryption","Off","Off","Off","Off","131.8","1","Off","Off","Off","Off","Off","Off","1","0.00000","Off","0","1","0","0","0","0","0","0","0","0","0","1"
"477","AL-IR1ZZX-Loca2","431.52500","433.12500","D-Digital","High","12.5K","Off","Off","ITALIA","Group Call","222","IZ7XXX","Always","Carrier","Off","1","1","1","Off","1","2","None","None","Off","Off","Off","Off","Normal Encryption","Off","Off","Off","Off","131.8","1","Off","Off","Off","Off","Off","Off","1","0.00000","Off","0","1","0","0","0","0","0","0","0","0","0","1"
"478","GE-IR1ZXK-Worldw","430.41250","435.41250","D-Digital","High","12.5K","Off","Off","ITALIA","Group Call","222","IZ7XXX","Always","Carrier","Off","1","1","1","Off","1","1","None","None","Off","Off","Off","Off","Normal Encryption","Off","Off","Off","Off","131.8","1","Off","Off","Off","Off","Off","Off","1","0.00000","Off","0","1","0","0","0","0","0","0","0","0","0","1"
"479","GE-IR1ZXK-Europe","430.41250","435.41250","D-Digital","High","12.5K","Off","Off","ITALIA","Group Call","222","IZ7XXX","Always","Carrier","Off","1","1","1","Off","1","1","None","None","Off","Off","Off","Off","Normal Encryption","Off","Off","Off","Off","131.8","1","Off","Off","Off","Off","Off","Off","1","0.00000","Off","0","1","0","0","0","0","0","0","0","0","0","1"
"480","GE-IR1ZXK-Italia","430.41250","435.41250","D-Digital","High","12.5K","Off","Off","ITALIA","Group Call","222","IZ7XXX","Always","Carrier","Off","1","1","1","Off","1","1","None","None","Off","Off","Off","Off","Normal Encryption","Off","Off","Off","Off","131.8","1","Off","Off","Off","Off","Off","Off","1","0.00000","Off","0","1","0","0","0","0","0","0","0","0","0","1"
"481","GE-IR1ZXK-Discon","430.41250","435.41250","D-Digital","High","12.5K","Off","Off","ITALIA","Group Call","222","IZ7XXX","Always","Carrier","Off","1","1","1","Off","1","1","None","None","Off","Off","Off","Off","Normal Encryption","Off","Off","Off","Off","131.8","1","Off","Off","Off","Off","Off","Off","1","0.00000","Off","0","1","0","0","0","0","0","0","0","0","0","1"
"482","GE-IR1ZXK-Loca1","430.41250","435.41250","D-Digital","High","12.5K","Off","Off","ITALIA","Group Call","222","IZ7XXX","Always","Carrier","Off","1","1","1","Off","1","2","None","None","Off","Off","Off","Off","Normal Encryption","Off","Off","Off","Off","131.8","1","Off","Off","Off","Off","Off","Off","1","0.00000","Off","0","1","0","0","0","0","0","0","0","0","0","1"
"483","GE-IR1ZXK-Cluste","430.41250","435.41250","D-Digital","High","12.5K","Off","Off","ITALIA","Group Call","222","IZ7XXX","Always","Carrier","Off","1","1","1","Off","1","2","None","None","Off","Off","Off","Off","Normal Encryption","Off","Off","Off","Off","131.8","1","Off","Off","Off","Off","Off","Off","1","0.00000","Off","0","1","0","0","0","0","0","0","0","0","0","1"
"484","GE-IR1ZXK-Loca2","430.41250","435.41250","D-Digital","High","12.5K","Off","Off","ITALIA","Group Call","222","IZ7XXX","Always","Carrier","Off","1","1","1","Off","1","2","None","None","Off","Off","Off","Off","Normal Encryption","Off","Off","Off","Off","131.8","1","Off","Off","Off","Off","Off","Off","1","0.00000","Off","0","1","0","0","0","0","0","0","0","0","0","1"
"485","GE-IR1ZYN-Worldw","430.52500","435.52500","D-Digital","High","12.5K","Off","Off","ITALIA","Group Call","222","IZ7XXX","Always","Carrier","Off","1","1","1","Off","1","1","None","None","Off","Off","Off","Off","Normal Encryption","Off","Off","Off","Off","131.8","1","Off","Off","Off","Off","Off","Off","1","0.00000","Off","0","1","0","0","0","0","0","0","0","0","0","1"
"486","GE-IR1ZYN-Europe","430.52500","435.52500","D-Digital","High","12.5K","Off","Off","ITALIA","Group Call","222","IZ7XXX","Always","Carrier","Off","1","1","1","Off","1","1","None","None","Off","Off","Off","Off","Normal Encryption","Off","Off","Off","Off","131.8","1","Off","Off","Off","Off","Off","Off","1","0.00000","Off","0","1","0","0","0","0","0","0","0","0","0","1"
"487","GE-IR1ZYN-Italia","430.52500","435.52500","D-Digital","High","12.5K","Off","Off","ITALIA","Group Call","222","IZ7XXX","Always","Carrier","Off","1","1","1","Off","1","1","None","None","Off","Off","Off","Off","Normal Encryption","Off","Off","Off","Off","131.8","1","Off","Off","Off","Off","Off","Off","1","0.00000","Off","0","1","0","0","0","0","0","0","0","0","0","1"
"488","GE-IR1ZYN-Discon","430.52500","435.52500","D-Digital","High","12.5K","Off","Off","ITALIA","Group Call","222","IZ7XXX","Always","Carrier","Off","1","1","1","Off","1","1","None","None","Off","Off","Off","Off","Normal Encryption","Off","Off","Off","Off","131.8","1","Off","Off","Off","Off","Off","Off","1","0.00000","Off","0","1","0","0","0","0","0","0","0","0","0","1"
"489","GE-IR1ZYN-Loca1","430.52500","435.52500","D-Digital","High","12.5K","Off","Off","ITALIA","Group Call","222","IZ7XXX","Always","Carrier","Off","1","1","1","Off","1","2","None","None","Off","Off","Off","Off","Normal Encryption","Off","Off","Off","Off","131.8","1","Off","Off","Off","Off","Off","Off","1","0.00000","Off","0","1","0","0","0","0","0","0","0","0","0","1"
"490","GE-IR1ZYN-Cluste","430.52500","435.52500","D-Digital","High","12.5K","Off","Off","ITALIA","Group Call","222","IZ7XXX","Always","Carrier","Off","1","1","1","Off","1","2","None","None","Off","Off","Off","Off","Normal Encryption","Off","Off","Off","Off","131.8","1","Off","Off","Off","Off","Off","Off","1","0.00000","Off","0","1","0","0","0","0","0","0","0","0","0","1"
"491","GE-IR1ZYN-Loca2","430.52500","435.52500","D-Digital","High","12.5K","Off","Off","ITALIA","Group Call","222","IZ7XXX","Always","Carrier","Off","1","1","1","Off","1","2","None","None","Off","Off","Off","Off","Normal Encryption","Off","Off","Off","Off","131.8","1","Off","Off","Off","Off","Off","Off","1","0.00000","Off","0","1","0","0","0","0","0","0","0","0","0","1"
"492","GE-IR1DF-Worldwi","430.72500","435.72500","D-Digital","High","12.5K","Off","Off","ITALIA","Group Call","222","IZ7XXX","Always","Carrier","Off","1","1","1","Off","1","1","None","None","Off","Off","Off","Off","Normal Encryption","Off","Off","Off","Off","131.8","1","Off","Off","Off","Off","Off","Off","1","0.00000","Off","0","1","0","0","0","0","0","0","0","0","0","1"
"493","GE-IR1DF-Europe","430.72500","435.72500","D-Digital","High","12.5K","Off","Off","ITALIA","Group Call","222","IZ7XXX","Always","Carrier","Off","1","1","1","Off","1","1","None","None","Off","Off","Off","Off","Normal Encryption","Off","Off","Off","Off","131.8","1","Off","Off","Off","Off","Off","Off","1","0.00000","Off","0","1","0","0","0","0","0","0","0","0","0","1"
"494","GE-IR1DF-Italia","430.72500","435.72500","D-Digital","High","12.5K","Off","Off","ITALIA","Group Call","222","IZ7XXX","Always","Carrier","Off","1","1","1","Off","1","1","None","None","Off","Off","Off","Off","Normal Encryption","Off","Off","Off","Off","131.8","1","Off","Off","Off","Off","Off","Off","1","0.00000","Off","0","1","0","0","0","0","0","0","0","0","0","1"
"495","GE-IR1DF-Disconn","430.72500","435.72500","D-Digital","High","12.5K","Off","Off","ITALIA","Group Call","222","IZ7XXX","Always","Carrier","Off","1","1","1","Off","1","1","None","None","Off","Off","Off","Off","Normal Encryption","Off","Off","Off","Off","131.8","1","Off","Off","Off","Off","Off","Off","1","0.00000","Off","0","1","0","0","0","0","0","0","0","0","0","1"
"496","GE-IR1DF-Loca1","430.72500","435.72500","D-Digital","High","12.5K","Off","Off","ITALIA","Group Call","222","IZ7XXX","Always","Carrier","Off","1","1","1","Off","1","2","None","None","Off","Off","Off","Off","Normal Encryption","Off","Off","Off","Off","131.8","1","Off","Off","Off","Off","Off","Off","1","0.00000","Off","0","1","0","0","0","0","0","0","0","0","0","1"
"497","GE-IR1DF-Cluster","430.72500","435.72500","D-Digital","High","12.5K","Off","Off","ITALIA","Group Call","222","IZ7XXX","Always","Carrier","Off","1","1","1","Off","1","2","None","None","Off","Off","Off","Off","Normal Encryption","Off","Off","Off","Off","131.8","1","Off","Off","Off","Off","Off","Off","1","0.00000","Off","0","1","0","0","0","0","0","0","0","0","0","1"
"498","GE-IR1DF-Loca2","430.72500","435.72500","D-Digital","High","12.5K","Off","Off","ITALIA","Group Call","222","IZ7XXX","Always","Carrier","Off","1","1","1","Off","1","2","None","None","Off","Off","Off","Off","Normal Encryption","Off","Off","Off","Off","131.8","1","Off","Off","Off","Off","Off","Off","1","0.00000","Off","0","1","0","0","0","0","0","0","0","0","0","1"
"499","GE-IZ1FHG-Worldw","430.80000","435.80000","D-Digital","High","12.5K","Off","Off","ITALIA","Group Call","222","IZ7XXX","Always","Carrier","Off","1","1","1","Off","1","1","None","None","Off","Off","Off","Off","Normal Encryption","Off","Off","Off","Off","131.8","1","Off","Off","Off","Off","Off","Off","1","0.00000","Off","0","1","0","0","0","0","0","0","0","0","0","1"
"500","GE-IZ1FHG-Europe","430.80000","435.80000","D-Digital","High","12.5K","Off","Off","ITALIA","Group Call","222","IZ7XXX","Always","Carrier","Off","1","1","1","Off","1","1","None","None","Off","Off","Off","Off","Normal Encryption","Off","Off","Off","Off","131.8","1","Off","Off","Off","Off","Off","Off","1","0.00000","Off","0","1","0","0","0","0","0","0","0","0","0","1"
"501","GE-IZ1FHG-Italia","430.80000","435.80000","D-Digital","High","12.5K","Off","Off","ITALIA","Group Call","222","IZ7XXX","Always","Carrier","Off","1","1","1","Off","1","1","None","None","Off","Off","Off","Off","Normal Encryption","Off","Off","Off","Off","131.8","1","Off","Off","Off","Off","Off","Off","1","0.00000","Off","0","1","0","0","0","0","0","0","0","0","0","1"
"502","GE-IZ1FHG-Discon","430.80000","435.80000","D-Digital","High","12.5K","Off","Off","ITALIA","Group Call","222","IZ7XXX","Always","Carrier","Off","1","1","1","Off","1","1","None","None","Off","Off","Off","Off","Normal Encryption","Off","Off","Off","Off","131.8","1","Off","Off","Off","Off","Off","Off","1","0.00000","Off","0","1","0","0","0","0","0","0","0","0","0","1"
"503","GE-IZ1FHG-Loca1","430.80000","435.80000","D-Digital","High","12.5K","Off","Off","ITALIA","Group Call","222","IZ7XXX","Always","Carrier","Off","1","1","1","Off","1","2","None","None","Off","Off","Off","Off","Normal Encryption","Off","Off","Off","Off","131.8","1","Off","Off","Off","Off","Off","Off","1","0.00000","Off","0","1","0","0","0","0","0","0","0","0","0","1"
"504","GE-IZ1FHG-Cluste","430.80000","435.80000","D-Digital","High","12.5K","Off","Off","ITALIA","Group Call","222","IZ7XXX","Always","Carrier","Off","1","1","1","Off","1","2","None","None","Off","Off","Off","Off","Normal Encryption","Off","Off","Off","Off","131.8","1","Off","Off","Off","Off","Off","Off","1","0.00000","Off","0","1","0","0","0","0","0","0","0","0","0","1"
"505","GE-IZ1FHG-Loca2","430.80000","435.80000","D-Digital","High","12.5K","Off","Off","ITALIA","Group Call","222","IZ7XXX","Always","Carrier","Off","1","1","1","Off","1","2","None","None","Off","Off","Off","Off","Normal Encryption","Off","Off","Off","Off","131.8","1","Off","Off","Off","Off","Off","Off","1","0.00000","Off","0","1","0","0","0","0","0","0","0","0","0","1"
"506","GE-IR1DA-Worldwi","430.86250","435.86250","D-Digital","High","12.5K","Off","Off","ITALIA","Group Call","222","IZ7XXX","Always","Carrier","Off","1","1","1","Off","1","1","None","None","Off","Off","Off","Off","Normal Encryption","Off","Off","Off","Off","131.8","1","Off","Off","Off","Off","Off","Off","1","0.00000","Off","0","1","0","0","0","0","0","0","0","0","0","1"
"507","GE-IR1DA-Europe","430.86250","435.86250","D-Digital","High","12.5K","Off","Off","ITALIA","Group Call","222","IZ7XXX","Always","Carrier","Off","1","1","1","Off","1","1","None","None","Off","Off","Off","Off","Normal Encryption","Off","Off","Off","Off","131.8","1","Off","Off","Off","Off","Off","Off","1","0.00000","Off","0","1","0","0","0","0","0","0","0","0","0","1"
"508","GE-IR1DA-Italia","430.86250","435.86250","D-Digital","High","12.5K","Off","Off","ITALIA","Group Call","222","IZ7XXX","Always","Carrier","Off","1","1","1","Off","1","1","None","None","Off","Off","Off","Off","Normal Encryption","Off","Off","Off","Off","131.8","1","Off","Off","Off","Off","Off","Off","1","0.00000","Off","0","1","0","0","0","0","0","0","0","0","0","1"
"509","GE-IR1DA-Disconn","430.86250","435.86250","D-Digital","High","12.5K","Off","Off","ITALIA","Group Call","222","IZ7XXX","Always","Carrier","Off","1","1","1","Off","1","1","None","None","Off","Off","Off","Off","Normal Encryption","Off","Off","Off","Off","131.8","1","Off","Off","Off","Off","Off","Off","1","0.00000","Off","0","1","0","0","0","0","0","0","0","0","0","1"
"510","GE-IR1DA-Loca1","430.86250","435.86250","D-Digital","High","12.5K","Off","Off","ITALIA","Group Call","222","IZ7XXX","Always","Carrier","Off","1","1","1","Off","1","2","None","None","Off","Off","Off","Off","Normal Encryption","Off","Off","Off","Off","131.8","1","Off","Off","Off","Off","Off","Off","1","0.00000","Off","0","1","0","0","0","0","0","0","0","0","0","1"
"511","GE-IR1DA-Cluster","430.86250","435.86250","D-Digital","High","12.5K","Off","Off","ITALIA","Group Call","222","IZ7XXX","Always","Carrier","Off","1","1","1","Off","1","2","None","None","Off","Off","Off","Off","Normal Encryption","Off","Off","Off","Off","131.8","1","Off","Off","Off","Off","Off","Off","1","0.00000","Off","0","1","0","0","0","0","0","0","0","0","0","1"
"512","GE-IR1DA-Loca2","430.86250","435.86250","D-Digital","High","12.5K","Off","Off","ITALIA","Group Call","222","IZ7XXX","Always","Carrier","Off","1","1","1","Off","1","2","None","None","Off","Off","Off","Off","Normal Encryption","Off","Off","Off","Off","131.8","1","Off","Off","Off","Off","Off","Off","1","0.00000","Off","0","1","0","0","0","0","0","0","0","0","0","1"
"513","GE-IZ1HIQ-Worldw","430.97500","435.97500","D-Digital","High","12.5K","Off","Off","ITALIA","Group Call","222","IZ7XXX","Always","Carrier","Off","1","1","1","Off","1","1","None","None","Off","Off","Off","Off","Normal Encryption","Off","Off","Off","Off","131.8","1","Off","Off","Off","Off","Off","Off","1","0.00000","Off","0","1","0","0","0","0","0","0","0","0","0","1"
"514","GE-IZ1HIQ-Europe","430.97500","435.97500","D-Digital","High","12.5K","Off","Off","ITALIA","Group Call","222","IZ7XXX","Always","Carrier","Off","1","1","1","Off","1","1","None","None","Off","Off","Off","Off","Normal Encryption","Off","Off","Off","Off","131.8","1","Off","Off","Off","Off","Off","Off","1","0.00000","Off","0","1","0","0","0","0","0","0","0","0","0","1"
"515","GE-IZ1HIQ-Italia","430.97500","435.97500","D-Digital","High","12.5K","Off","Off","ITALIA","Group Call","222","IZ7XXX","Always","Carrier","Off","1","1","1","Off","1","1","None","None","Off","Off","Off","Off","Normal Encryption","Off","Off","Off","Off","131.8","1","Off","Off","Off","Off","Off","Off","1","0.00000","Off","0","1","0","0","0","0","0","0","0","0","0","1"
"516","GE-IZ1HIQ-Discon","430.97500","435.97500","D-Digital","High","12.5K","Off","Off","ITALIA","Group Call","222","IZ7XXX","Always","Carrier","Off","1","1","1","Off","1","1","None","None","Off","Off","Off","Off","Normal Encryption","Off","Off","Off","Off","131.8","1","Off","Off","Off","Off","Off","Off","1","0.00000","Off","0","1","0","0","0","0","0","0","0","0","0","1"
"517","GE-IZ1HIQ-Loca1","430.97500","435.97500","D-Digital","High","12.5K","Off","Off","ITALIA","Group Call","222","IZ7XXX","Always","Carrier","Off","1","1","1","Off","1","2","None","None","Off","Off","Off","Off","Normal Encryption","Off","Off","Off","Off","131.8","1","Off","Off","Off","Off","Off","Off","1","0.00000","Off","0","1","0","0","0","0","0","0","0","0","0","1"
"518","GE-IZ1HIQ-Cluste","430.97500","435.97500","D-Digital","High","12.5K","Off","Off","ITALIA","Group Call","222","IZ7XXX","Always","Carrier","Off","1","1","1","Off","1","2","None","None","Off","Off","Off","Off","Normal Encryption","Off","Off","Off","Off","131.8","1","Off","Off","Off","Off","Off","Off","1","0.00000","Off","0","1","0","0","0","0","0","0","0","0","0","1"
"519","GE-IZ1HIQ-Loca2","430.97500","435.97500","D-Digital","High","12.5K","Off","Off","ITALIA","Group Call","222","IZ7XXX","Always","Carrier","Off","1","1","1","Off","1","2","None","None","Off","Off","Off","Off","Normal Encryption","Off","Off","Off","Off","131.8","1","Off","Off","Off","Off","Off","Off","1","0.00000","Off","0","1","0","0","0","0","0","0","0","0","0","1"
"520","GE-IR1UDQ-Worldw","431.30000","432.90000","D-Digital","High","12.5K","Off","Off","ITALIA","Group Call","222","IZ7XXX","Always","Carrier","Off","1","1","1","Off","1","1","None","None","Off","Off","Off","Off","Normal Encryption","Off","Off","Off","Off","131.8","1","Off","Off","Off","Off","Off","Off","1","0.00000","Off","0","1","0","0","0","0","0","0","0","0","0","1"
"521","GE-IR1UDQ-Europe","431.30000","432.90000","D-Digital","High","12.5K","Off","Off","ITALIA","Group Call","222","IZ7XXX","Always","Carrier","Off","1","1","1","Off","1","1","None","None","Off","Off","Off","Off","Normal Encryption","Off","Off","Off","Off","131.8","1","Off","Off","Off","Off","Off","Off","1","0.00000","Off","0","1","0","0","0","0","0","0","0","0","0","1"
"522","GE-IR1UDQ-Italia","431.30000","432.90000","D-Digital","High","12.5K","Off","Off","ITALIA","Group Call","222","IZ7XXX","Always","Carrier","Off","1","1","1","Off","1","1","None","None","Off","Off","Off","Off","Normal Encryption","Off","Off","Off","Off","131.8","1","Off","Off","Off","Off","Off","Off","1","0.00000","Off","0","1","0","0","0","0","0","0","0","0","0","1"
"523","GE-IR1UDQ-Discon","431.30000","432.90000","D-Digital","High","12.5K","Off","Off","ITALIA","Group Call","222","IZ7XXX","Always","Carrier","Off","1","1","1","Off","1","1","None","None","Off","Off","Off","Off","Normal Encryption","Off","Off","Off","Off","131.8","1","Off","Off","Off","Off","Off","Off","1","0.00000","Off","0","1","0","0","0","0","0","0","0","0","0","1"
"524","GE-IR1UDQ-Loca1","431.30000","432.90000","D-Digital","High","12.5K","Off","Off","ITALIA","Group Call","222","IZ7XXX","Always","Carrier","Off","1","1","1","Off","1","2","None","None","Off","Off","Off","Off","Normal Encryption","Off","Off","Off","Off","131.8","1","Off","Off","Off","Off","Off","Off","1","0.00000","Off","0","1","0","0","0","0","0","0","0","0","0","1"
"525","GE-IR1UDQ-Cluste","431.30000","432.90000","D-Digital","High","12.5K","Off","Off","ITALIA","Group Call","222","IZ7XXX","Always","Carrier","Off","1","1","1","Off","1","2","None","None","Off","Off","Off","Off","Normal Encryption","Off","Off","Off","Off","131.8","1","Off","Off","Off","Off","Off","Off","1","0.00000","Off","0","1","0","0","0","0","0","0","0","0","0","1"
"526","GE-IR1UDQ-Loca2","431.30000","432.90000","D-Digital","High","12.5K","Off","Off","ITALIA","Group Call","222","IZ7XXX","Always","Carrier","Off","1","1","1","Off","1","2","None","None","Off","Off","Off","Off","Normal Encryption","Off","Off","Off","Off","131.8","1","Off","Off","Off","Off","Off","Off","1","0.00000","Off","0","1","0","0","0","0","0","0","0","0","0","1"
"527","SV-IR1UDX-Worldw","430.31250","435.31250","D-Digital","High","12.5K","Off","Off","ITALIA","Group Call","222","IZ7XXX","Always","Carrier","Off","1","1","1","Off","1","1","None","None","Off","Off","Off","Off","Normal Encryption","Off","Off","Off","Off","131.8","1","Off","Off","Off","Off","Off","Off","1","0.00000","Off","0","1","0","0","0","0","0","0","0","0","0","1"
"528","SV-IR1UDX-Europe","430.31250","435.31250","D-Digital","High","12.5K","Off","Off","ITALIA","Group Call","222","IZ7XXX","Always","Carrier","Off","1","1","1","Off","1","1","None","None","Off","Off","Off","Off","Normal Encryption","Off","Off","Off","Off","131.8","1","Off","Off","Off","Off","Off","Off","1","0.00000","Off","0","1","0","0","0","0","0","0","0","0","0","1"
"529","SV-IR1UDX-Italia","430.31250","435.31250","D-Digital","High","12.5K","Off","Off","ITALIA","Group Call","222","IZ7XXX","Always","Carrier","Off","1","1","1","Off","1","1","None","None","Off","Off","Off","Off","Normal Encryption","Off","Off","Off","Off","131.8","1","Off","Off","Off","Off","Off","Off","1","0.00000","Off","0","1","0","0","0","0","0","0","0","0","0","1"
"530","SV-IR1UDX-Discon","430.31250","435.31250","D-Digital","High","12.5K","Off","Off","ITALIA","Group Call","222","IZ7XXX","Always","Carrier","Off","1","1","1","Off","1","1","None","None","Off","Off","Off","Off","Normal Encryption","Off","Off","Off","Off","131.8","1","Off","Off","Off","Off","Off","Off","1","0.00000","Off","0","1","0","0","0","0","0","0","0","0","0","1"
"531","SV-IR1UDX-Loca1","430.31250","435.31250","D-Digital","High","12.5K","Off","Off","ITALIA","Group Call","222","IZ7XXX","Always","Carrier","Off","1","1","1","Off","1","2","None","None","Off","Off","Off","Off","Normal Encryption","Off","Off","Off","Off","131.8","1","Off","Off","Off","Off","Off","Off","1","0.00000","Off","0","1","0","0","0","0","0","0","0","0","0","1"
"532","SV-IR1UDX-Cluste","430.31250","435.31250","D-Digital","High","12.5K","Off","Off","ITALIA","Group Call","222","IZ7XXX","Always","Carrier","Off","1","1","1","Off","1","2","None","None","Off","Off","Off","Off","Normal Encryption","Off","Off","Off","Off","131.8","1","Off","Off","Off","Off","Off","Off","1","0.00000","Off","0","1","0","0","0","0","0","0","0","0","0","1"
"533","SV-IR1UDX-Loca2","430.31250","435.31250","D-Digital","High","12.5K","Off","Off","ITALIA","Group Call","222","IZ7XXX","Always","Carrier","Off","1","1","1","Off","1","2","None","None","Off","Off","Off","Off","Normal Encryption","Off","Off","Off","Off","131.8","1","Off","Off","Off","Off","Off","Off","1","0.00000","Off","0","1","0","0","0","0","0","0","0","0","0","1"
"534","SV-IR1UGO-Worldw","430.52500","435.52500","D-Digital","High","12.5K","Off","Off","ITALIA","Group Call","222","IZ7XXX","Always","Carrier","Off","1","1","1","Off","1","1","None","None","Off","Off","Off","Off","Normal Encryption","Off","Off","Off","Off","131.8","1","Off","Off","Off","Off","Off","Off","1","0.00000","Off","0","1","0","0","0","0","0","0","0","0","0","1"
"535","SV-IR1UGO-Europe","430.52500","435.52500","D-Digital","High","12.5K","Off","Off","ITALIA","Group Call","222","IZ7XXX","Always","Carrier","Off","1","1","1","Off","1","1","None","None","Off","Off","Off","Off","Normal Encryption","Off","Off","Off","Off","131.8","1","Off","Off","Off","Off","Off","Off","1","0.00000","Off","0","1","0","0","0","0","0","0","0","0","0","1"
"536","SV-IR1UGO-Italia","430.52500","435.52500","D-Digital","High","12.5K","Off","Off","ITALIA","Group Call","222","IZ7XXX","Always","Carrier","Off","1","1","1","Off","1","1","None","None","Off","Off","Off","Off","Normal Encryption","Off","Off","Off","Off","131.8","1","Off","Off","Off","Off","Off","Off","1","0.00000","Off","0","1","0","0","0","0","0","0","0","0","0","1"
"537","SV-IR1UGO-Discon","430.52500","435.52500","D-Digital","High","12.5K","Off","Off","ITALIA","Group Call","222","IZ7XXX","Always","Carrier","Off","1","1","1","Off","1","1","None","None","Off","Off","Off","Off","Normal Encryption","Off","Off","Off","Off","131.8","1","Off","Off","Off","Off","Off","Off","1","0.00000","Off","0","1","0","0","0","0","0","0","0","0","0","1"
"538","SV-IR1UGO-Loca1","430.52500","435.52500","D-Digital","High","12.5K","Off","Off","ITALIA","Group Call","222","IZ7XXX","Always","Carrier","Off","1","1","1","Off","1","2","None","None","Off","Off","Off","Off","Normal Encryption","Off","Off","Off","Off","131.8","1","Off","Off","Off","Off","Off","Off","1","0.00000","Off","0","1","0","0","0","0","0","0","0","0","0","1"
"539","SV-IR1UGO-Cluste","430.52500","435.52500","D-Digital","High","12.5K","Off","Off","ITALIA","Group Call","222","IZ7XXX","Always","Carrier","Off","1","1","1","Off","1","2","None","None","Off","Off","Off","Off","Normal Encryption","Off","Off","Off","Off","131.8","1","Off","Off","Off","Off","Off","Off","1","0.00000","Off","0","1","0","0","0","0","0","0","0","0","0","1"
"540","SV-IR1UGO-Loca2","430.52500","435.52500","D-Digital","High","12.5K","Off","Off","ITALIA","Group Call","222","IZ7XXX","Always","Carrier","Off","1","1","1","Off","1","2","None","None","Off","Off","Off","Off","Normal Encryption","Off","Off","Off","Off","131.8","1","Off","Off","Off","Off","Off","Off","1","0.00000","Off","0","1","0","0","0","0","0","0","0","0","0","1"
"541","SV-IR1UDK-Worldw","430.88750","435.88750","D-Digital","High","12.5K","Off","Off","ITALIA","Group Call","222","IZ7XXX","Always","Carrier","Off","1","1","1","Off","1","1","None","None","Off","Off","Off","Off","Normal Encryption","Off","Off","Off","Off","131.8","1","Off","Off","Off","Off","Off","Off","1","0.00000","Off","0","1","0","0","0","0","0","0","0","0","0","1"
"542","SV-IR1UDK-Europe","430.88750","435.88750","D-Digital","High","12.5K","Off","Off","ITALIA","Group Call","222","IZ7XXX","Always","Carrier","Off","1","1","1","Off","1","1","None","None","Off","Off","Off","Off","Normal Encryption","Off","Off","Off","Off","131.8","1","Off","Off","Off","Off","Off","Off","1","0.00000","Off","0","1","0","0","0","0","0","0","0","0","0","1"
"543","SV-IR1UDK-Italia","430.88750","435.88750","D-Digital","High","12.5K","Off","Off","ITALIA","Group Call","222","IZ7XXX","Always","Carrier","Off","1","1","1","Off","1","1","None","None","Off","Off","Off","Off","Normal Encryption","Off","Off","Off","Off","131.8","1","Off","Off","Off","Off","Off","Off","1","0.00000","Off","0","1","0","0","0","0","0","0","0","0","0","1"
"544","SV-IR1UDK-Discon","430.88750","435.88750","D-Digital","High","12.5K","Off","Off","ITALIA","Group Call","222","IZ7XXX","Always","Carrier","Off","1","1","1","Off","1","1","None","None","Off","Off","Off","Off","Normal Encryption","Off","Off","Off","Off","131.8","1","Off","Off","Off","Off","Off","Off","1","0.00000","Off","0","1","0","0","0","0","0","0","0","0","0","1"
"545","SV-IR1UDK-Loca1","430.88750","435.88750","D-Digital","High","12.5K","Off","Off","ITALIA","Group Call","222","IZ7XXX","Always","Carrier","Off","1","1","1","Off","1","2","None","None","Off","Off","Off","Off","Normal Encryption","Off","Off","Off","Off","131.8","1","Off","Off","Off","Off","Off","Off","1","0.00000","Off","0","1","0","0","0","0","0","0","0","0","0","1"
"546","SV-IR1UDK-Cluste","430.88750","435.88750","D-Digital","High","12.5K","Off","Off","ITALIA","Group Call","222","IZ7XXX","Always","Carrier","Off","1","1","1","Off","1","2","None","None","Off","Off","Off","Off","Normal Encryption","Off","Off","Off","Off","131.8","1","Off","Off","Off","Off","Off","Off","1","0.00000","Off","0","1","0","0","0","0","0","0","0","0","0","1"
"547","SV-IR1UDK-Loca2","430.88750","435.88750","D-Digital","High","12.5K","Off","Off","ITALIA","Group Call","222","IZ7XXX","Always","Carrier","Off","1","1","1","Off","1","2","None","None","Off","Off","Off","Off","Normal Encryption","Off","Off","Off","Off","131.8","1","Off","Off","Off","Off","Off","Off","1","0.00000","Off","0","1","0","0","0","0","0","0","0","0","0","1"
"548","SV-IW1PPB-Worldw","430.93750","435.93750","D-Digital","High","12.5K","Off","Off","ITALIA","Group Call","222","IZ7XXX","Always","Carrier","Off","1","1","1","Off","1","1","None","None","Off","Off","Off","Off","Normal Encryption","Off","Off","Off","Off","131.8","1","Off","Off","Off","Off","Off","Off","1","0.00000","Off","0","1","0","0","0","0","0","0","0","0","0","1"
"549","SV-IW1PPB-Europe","430.93750","435.93750","D-Digital","High","12.5K","Off","Off","ITALIA","Group Call","222","IZ7XXX","Always","Carrier","Off","1","1","1","Off","1","1","None","None","Off","Off","Off","Off","Normal Encryption","Off","Off","Off","Off","131.8","1","Off","Off","Off","Off","Off","Off","1","0.00000","Off","0","1","0","0","0","0","0","0","0","0","0","1"
"550","SV-IW1PPB-Italia","430.93750","435.93750","D-Digital","High","12.5K","Off","Off","ITALIA","Group Call","222","IZ7XXX","Always","Carrier","Off","1","1","1","Off","1","1","None","None","Off","Off","Off","Off","Normal Encryption","Off","Off","Off","Off","131.8","1","Off","Off","Off","Off","Off","Off","1","0.00000","Off","0","1","0","0","0","0","0","0","0","0","0","1"
"551","SV-IW1PPB-Discon","430.93750","435.93750","D-Digital","High","12.5K","Off","Off","ITALIA","Group Call","222","IZ7XXX","Always","Carrier","Off","1","1","1","Off","1","1","None","None","Off","Off","Off","Off","Normal Encryption","Off","Off","Off","Off","131.8","1","Off","Off","Off","Off","Off","Off","1","0.00000","Off","0","1","0","0","0","0","0","0","0","0","0","1"
"552","SV-IW1PPB-Loca1","430.93750","435.93750","D-Digital","High","12.5K","Off","Off","ITALIA","Group Call","222","IZ7XXX","Always","Carrier","Off","1","1","1","Off","1","2","None","None","Off","Off","Off","Off","Normal Encryption","Off","Off","Off","Off","131.8","1","Off","Off","Off","Off","Off","Off","1","0.00000","Off","0","1","0","0","0","0","0","0","0","0","0","1"
"553","SV-IW1PPB-Cluste","430.93750","435.93750","D-Digital","High","12.5K","Off","Off","ITALIA","Group Call","222","IZ7XXX","Always","Carrier","Off","1","1","1","Off","1","2","None","None","Off","Off","Off","Off","Normal Encryption","Off","Off","Off","Off","131.8","1","Off","Off","Off","Off","Off","Off","1","0.00000","Off","0","1","0","0","0","0","0","0","0","0","0","1"
"554","SV-IW1PPB-Loca2","430.93750","435.93750","D-Digital","High","12.5K","Off","Off","ITALIA","Group Call","222","IZ7XXX","Always","Carrier","Off","1","1","1","Off","1","2","None","None","Off","Off","Off","Off","Normal Encryption","Off","Off","Off","Off","131.8","1","Off","Off","Off","Off","Off","Off","1","0.00000","Off","0","1","0","0","0","0","0","0","0","0","0","1"
"555","SV-IR1UFV-Worldw","431.45000","433.05000","D-Digital","High","12.5K","Off","Off","ITALIA","Group Call","222","IZ7XXX","Always","Carrier","Off","1","1","1","Off","1","1","None","None","Off","Off","Off","Off","Normal Encryption","Off","Off","Off","Off","131.8","1","Off","Off","Off","Off","Off","Off","1","0.00000","Off","0","1","0","0","0","0","0","0","0","0","0","1"
"556","SV-IR1UFV-Europe","431.45000","433.05000","D-Digital","High","12.5K","Off","Off","ITALIA","Group Call","222","IZ7XXX","Always","Carrier","Off","1","1","1","Off","1","1","None","None","Off","Off","Off","Off","Normal Encryption","Off","Off","Off","Off","131.8","1","Off","Off","Off","Off","Off","Off","1","0.00000","Off","0","1","0","0","0","0","0","0","0","0","0","1"
"557","SV-IR1UFV-Italia","431.45000","433.05000","D-Digital","High","12.5K","Off","Off","ITALIA","Group Call","222","IZ7XXX","Always","Carrier","Off","1","1","1","Off","1","1","None","None","Off","Off","Off","Off","Normal Encryption","Off","Off","Off","Off","131.8","1","Off","Off","Off","Off","Off","Off","1","0.00000","Off","0","1","0","0","0","0","0","0","0","0","0","1"
"558","SV-IR1UFV-Discon","431.45000","433.05000","D-Digital","High","12.5K","Off","Off","ITALIA","Group Call","222","IZ7XXX","Always","Carrier","Off","1","1","1","Off","1","1","None","None","Off","Off","Off","Off","Normal Encryption","Off","Off","Off","Off","131.8","1","Off","Off","Off","Off","Off","Off","1","0.00000","Off","0","1","0","0","0","0","0","0","0","0","0","1"
"559","SV-IR1UFV-Loca1","431.45000","433.05000","D-Digital","High","12.5K","Off","Off","ITALIA","Group Call","222","IZ7XXX","Always","Carrier","Off","1","1","1","Off","1","2","None","None","Off","Off","Off","Off","Normal Encryption","Off","Off","Off","Off","131.8","1","Off","Off","Off","Off","Off","Off","1","0.00000","Off","0","1","0","0","0","0","0","0","0","0","0","1"
"560","SV-IR1UFV-Cluste","431.45000","433.05000","D-Digital","High","12.5K","Off","Off","ITALIA","Group Call","222","IZ7XXX","Always","Carrier","Off","1","1","1","Off","1","2","None","None","Off","Off","Off","Off","Normal Encryption","Off","Off","Off","Off","131.8","1","Off","Off","Off","Off","Off","Off","1","0.00000","Off","0","1","0","0","0","0","0","0","0","0","0","1"
"561","SV-IR1UFV-Loca2","431.45000","433.05000","D-Digital","High","12.5K","Off","Off","ITALIA","Group Call","222","IZ7XXX","Always","Carrier","Off","1","1","1","Off","1","2","None","None","Off","Off","Off","Off","Normal Encryption","Off","Off","Off","Off","131.8","1","Off","Off","Off","Off","Off","Off","1","0.00000","Off","0","1","0","0","0","0","0","0","0","0","0","1"
"562","Channel VFO A","435.12500","435.12500","D-Digital","Turbo","25K","Off","Off","ITALIA","Group Call","222","IZ7XXX","Always","Carrier","Off","1","1","1","Off","0","1","None","None","Off","Off","Off","Off","Normal Encryption","Off","Off","Off","Off","131.8","1","Off","On","Off","Off","Off","Off","1","0.00000","Off","0","0","0","0","0","0","0","0","0","0","0","1"
"563","Channel VFO B","145.12500","145.12500","D-Digital","Turbo","25K","Off","Off","ITALIA","Group Call","222","IZ7XXX","Always","Carrier","Off","1","1","1","Off","0","1","None","None","Off","Off","Off","Off","Normal Encryption","Off","Off","Off","Off","131.8","1","Off","On","Off","Off","Off","Off","1","0.00000","Off","0","0","0","0","0","0","0","0","0","0","0","1"
